MolWt,LogP,NumHDonors,NumHAcceptors,NumRotatableBonds,NumAromaticRings,TPSA,FractionCSP3,NumHeteroatoms,NumHeavyAtoms,ic50_nM,log_ic50
349.67141530112326,1.7234713976576308,1.295377076201385,6.092119425632101,1.4049202483400158,0.7024108708475416,128.96064077536957,0.7674347291529088,2.8168463156097125,23.138400653789468,41.0,1.6127838567197355
253.65823071875377,1.0685404928594862,0.48392454313206823,7.653120978631192,10.349506995078197,1.686862587722918,0.6415560167211893,0.3142473325952739,5.448144453127266,6.184555520029374,300.0,2.4771212547196626
446.56487689215544,1.5484473990269287,0.13505640937584767,5.698992744853827,3.266296347151096,0.33276776912959827,7.549678871115141,0.37569801834567196,3.60383213951283,10.624593753100848,7820.0,3.893206753059848
239.82933877706031,5.704556369017876,0.026994449475867842,4.230843715823601,4.935269472619134,3.6625309499130667,60.44317975023777,1.9596701238797756,7.969116293390583,17.952918538036855,170.0,2.230448921378274
373.84665799954104,2.342736562379941,0.23129656477648106,1.2044147823571552,8.871131942204563,2.159532625184126,26.968061452010623,1.0571222262189157,2.0617097374107685,11.445602330441009,40.0,1.6020599913279623
332.40839693947953,1.229835439167367,1.3538440006119175,2.4467051553634716,6.185997134975706,2.7938403573485955,8.039123838868072,0.3092123758512146,1.9875805884213837,29.633176906835388,440.0,2.6434526764861874
252.08257621547102,1.6286820466723657,2.2126699480120564,4.784826496322683,4.875154934365188,4.068720085712469,46.39949392098331,1.0035328978920242,2.169816150285805,5.323203680923136,9300.0,3.9684829485539352
336.1395605508414,5.076073132931938,0.07165207821990308,6.258574623256025,15.718470624538465,2.4657075131256714,54.35235341190856,0.29900735046586746,0.5505646592130138,14.813533719013392,500000.0,5.698970004336019
278.03281121624883,2.714225143023493,2.955788089483032,2.0730808730945895,4.8509616173591255,1.5052711307536097,95.7701058851037,0.32875110965968446,3.178561222602233,22.699011496700344,3000000.0,6.477121254719663
309.70775493480403,3.9372899810657787,1.4041061877547047,1.3106485863910728,2.352648918792946,4.390544844396356,64.8060138532288,0.26105527217988933,0.03068073985476534,11.481192999372796,96000.0,4.982271233039568
158.46292579495858,1.158709354469282,0.685429033053539,3.2091090768864756,0.9677142699960548,1.2121525704436151,144.3092950605265,0.17457781283183896,1.5453023443365863,13.883311263507492,5310.0,3.725094521081469
108.12287847009586,1.9469722491015662,0.12046041988205287,9.852968449941145,1.1541657886867351,0.9046420270008374,48.26441151473784,1.168678037619532,6.856936887090123,26.27899549030161,264000.0,5.421603926869831
379.10319470430466,0.18122509041052215,2.8055886218721984,5.6074042511691236,3.5211425628016215,6.571366877429936,0.473183743465583,0.5662977296027719,0.5979081905258473,7.447865188257012,125.0,2.0969100130080562
144.93365689338674,2.1371259496120545,2.1246074274522098,1.8943697225407263,5.516545405402819,4.649803215052618,10.837335383188147,0.3220615162056756,4.881103304218018,3.4629647465093285,1250000.0,6.096910013008056
322.74599346041293,4.614285508564857,3.214966469122455,0.7385354341292169,1.5592967654905412,2.345468615331931,11.847535543904101,1.3204566130842763,3.1316493937013856,19.45477009849779,625000.0,5.795880017344075
325.0492850345877,2.6928964189939513,1.3600494431569816,0.9290147886440142,1.7584348397920875,2.1430542540791033,143.28872555723783,0.4738329209117875,7.147820983215892,24.848304129507447,35000.0,4.544068044350276
202.53183297726787,3.5741692074849043,2.317191158014808,3.282729273406842,5.780256775465931,1.238342780809495,91.1030079997245,1.8967929826539474,1.472328696017223,3.693957534637656,900000.0,5.954242509439325
211.04855703744767,0.36837943006912344,0.1542034188282084,1.3646078992665756,1.6601447959801143,2.4815497471080716,50.65009459389535,1.4535340771573169,1.5879409994277365,55.80253749884428,0.45,-0.3467874862246563
362.56673477650065,0.2856848871674349,2.1417849961222246,1.9298896609727412,1.3407767119551055,2.142001482276276,73.66188122867725,0.07282891265687277,5.08076230841043,7.722708370287968,10000.0,4.0
255.34850479329788,3.7127975886469446,0.4281874882604079,4.982955114847952,1.0390855551070919,1.1559521391865104,5.807128189943349,0.1537251059455279,0.3492523106759994,2.144554467459347,60000.0,4.778151250383644
335.77873603482834,3.1215690527364686,2.166102486350554,4.215208208139612,8.266016207742545,2.8134751197453682,75.75176336043299,0.5137859509122088,3.0902861178362873,72.79097235982081,600000.0,5.778151250383644
357.0890510693167,4.271131280361198,1.9080035269864046,2.605565005223192,1.8916154678420738,2.276907661479802,11.358739273121408,0.23681860674000887,2.912181286974621,16.228112090794838,850000.0,5.929418925714293
531.4658566673509,-1.7345303851834961,1.372520380749027,6.450863484758607,2.8315911947366006,3.2668517909020984,53.21400095477314,1.0777447779293061,4.29182225555981,25.193966234020138,3000.0,3.4771212547196626
226.96333682828634,2.4329171791639497,0.09114367980762757,2.6064013904232683,12.863664535951955,1.9017570669540338,51.25712933288035,0.18645431476942764,3.970718788610328,27.78650002194336,8000.0,3.9030899869919438
220.74792615672993,1.770527117066202,1.0099745579609143,3.463020776680486,7.201778442334657,1.003503707522845,26.252734441952192,0.6533292325737119,10.592725441686582,21.074725664414334,1300000.0,6.113943352306837
173.9116045664955,3.8357238941095524,4.2443123940252665,4.129861042204587,9.116219795724081,1.4527022185987541,113.34555745933113,0.7076694656187807,2.6629165688773706,26.61951080144005,1360000.0,6.133538908370218
207.30695284219172,1.8809492878763998,6.482534680138145,4.097550565337159,1.5154089083589617,3.7433495458945485,131.62056519658177,1.4301413779606327,2.6402669201819027,16.96110865929137,165000.0,5.217483944213907
444.1273289066115,-0.8717243023588788,2.326327504309919,0.040932244078348196,5.889051906287706,1.3863104227898122,59.9529847786735,0.6002168771587947,0.4188125099401135,9.220296047073596,250000.0,5.3979400086720375
311.3517345251248,3.3242613490420934,3.172033632290704,4.951261995307396,12.7982002479376,5.856263398567505,42.410745248220834,0.5883172064845765,1.6859512064101958,5.659507202691094,1250000.0,6.096910013008056
279.1877749642725,1.0139981306823342,1.178729513888423,3.3984083880840985,2.142092915790284,2.0787287857819625,94.97999377166254,0.30729952087660933,4.877172713033761,24.444432628854184,125000.0,5.096910013008056
217.10049890779277,0.8796379196060609,1.4945872102465236,2.4414810617338594,0.1254095637848888,0.35198214992634597,113.88324478942124,0.5915713888358299,3.2825842870202275,11.967110213491589,14.0,1.146128035678238
278.23187967727796,4.19755370397438,1.6508326979760597,3.254038544002554,7.832872842925974,0.06301152489827715,84.0976485647482,0.31026675659345604,1.9449981149306526,13.04785418448473,1250000.0,6.096910013008056
309.6995964992718,3.1903140508738272,1.636441366466945,8.369549102741841,6.036104288998212,3.6425658383631965,107.9055436750034,0.7916626939629359,3.744718902312931,24.4251826389642,625000.0,5.795880017344075
298.77532271530856,0.20549125702833693,0.15160911638745267,2.7086468460484467,5.850718400506507,0.44117214450641595,8.725140160374423,0.32138584165299344,2.477588725653746,6.54413170794038,1000.0,3.0
217.77796044335685,2.487374422983825,0.48993314221744555,2.027772701484519,2.8262298337099367,0.6961498120729088,22.40421707486621,1.4074637743765552,4.3106653275146165,11.798292724322291,100.0,2.0
331.09075655980047,4.950712433899104,1.7153192464040388,0.6397541198537084,0.11409724741613297,3.0075880939134265,49.074343200380504,0.2886586389201383,1.9363113620285368,2.5915358467151552,13350.0,4.125481265700594
351.93465142411725,5.065477826005155,0.2175202969137152,1.6068468883957658,4.1408639502666755,1.2036614156575087,61.20462409052084,0.01259240078179486,0.5860565912929903,3.4048532421680022,350000.0,5.544068044350276
302.4510174258943,2.9959965824908994,2.9022872155900834,3.8370833043408274,12.919094745069337,2.3020426886641485,93.61603183603391,0.18334200573835174,13.138817599306034,2.875525719672728,14000.0,4.146128035678238
216.0278157819224,0.8012147091119557,4.247791448619614,2.103020086723044,4.554795969322187,0.4511813594286229,67.08779878885797,1.8761708392158862,5.702543029116302,6.346445165063953,238.0,2.376576957056512
210.1585328651642,2.9838383430130113,2.6404664140412843,7.325835063417415,7.0766407243277225,1.4075269563141144,35.65672645454387,1.3538723741654128,0.6872390715157073,33.56724467960193,64.0,1.806179973983887
140.5572341205633,0.8012499540924543,0.010487399436366332,0.18792237505896822,2.700392828875462,1.8685497970424962,3.3810214691297205,0.1423794850212935,0.7217737902713932,22.716582510881235,1400000.0,6.146128035678238
371.161487808889,-0.24928418367573846,3.0682283414712446,5.110707287594036,1.99388407187755,2.245459609669661,127.55759877612614,0.11567463429285867,7.075783104382959,16.012777221151634,430000.0,5.633468455579586
506.0747924881987,5.510681684886409,0.497928296958147,3.8862838038174217,3.8722556975108855,4.105894672597046,1.7538269709947798,0.6860514599984393,6.350546921097527,11.381092296346715,22.0,1.3424226808222062
181.6741487334225,-2.078464355520201,0.5388136688891155,2.8701690231838493,9.014142312576169,0.22228434125932556,131.4307772785646,1.3801014582148914,10.220294636130928,14.166784516550718,13500.0,4.1303337684950066
338.40654489393074,1.9346105038118138,4.134884200079753,0.35648015805115363,7.826817003029119,2.0090176464901153,68.32991230484241,0.9398797863273552,3.0832015040201615,0.8882028283342738,250000.0,5.3979400086720375
293.7320902726828,3.9102846410024767,1.9714520926710875,2.0161860620713776,3.1815457102346447,2.3786184967870323,44.64848200227211,1.035242322419374,3.3218958320830922,2.9681683888327264,4.5,0.6532125137753437
496.47251329163896,2.070527103943457,1.3994510159851712,0.855919642936888,0.6739682981449789,0.6629087985996689,80.70833500217125,0.7575077100473051,3.183006885663165,6.362726390329799,100.0,2.0
272.4948302848356,-2.6038423294711697,3.0303821243971045,5.467497069778099,9.869806281007701,0.747108118669135,78.82784815278832,0.3112501545435361,18.473284850731424,31.793623671518652,508.0,2.7058637122839193
287.20824085192334,0.08891911879914849,3.212892640515145,0.8138545434688924,4.53810447170582,4.266761128793022,17.671355787873672,1.081548003614395,10.122849810435389,28.224596354241758,450000.0,5.653212513775344
299.20273586833827,4.959888277780052,0.1547366152952366,3.4451368053130547,9.138744463617943,1.6167301310539761,1.8623077163228174,0.1903386780836082,5.2537095203085435,5.7419959644650405,200.0,2.3010299956639813
392.61775475316415,5.818833280940261,2.7971351476382824,2.2518769467622834,3.9038554147309616,1.4613761512940882,20.38030378805654,0.863990769679816,0.2911297676689619,2.5357482538344343,210.0,2.322219294733919
327.0456825779839,1.899523781101726,0.4778960937328195,3.6302546481663915,3.4606279834099967,2.2661736774772683,75.04585938121903,0.977555244798551,0.5959938325753552,26.270806850576836,1410.0,3.1492191126553797
133.05947188786283,3.08672038475987,1.3252475178916934,2.2823946743726373,4.579554939255101,5.414646301993557,31.377121894158137,0.048084946661381994,1.558335010328891,1.4352506234338716,5000.0,3.6989700043360187
363.8592458777374,-1.3230401245379197,0.13215959729463314,4.844064799049827,3.9110166468129552,0.14219601394924206,6.979331735802383,0.38455554422982535,6.037756855286643,6.3466219571527684,4320.0,3.635483746814912
383.5692112065142,-0.2594137093152362,1.0596083558305656,5.7662744826316015,14.829867000763736,2.3906857664114303,78.853606359027,0.2030453860429927,2.226875240227853,5.940222199262692,833000.0,5.920645001406788
308.65897874729,1.688645529215841,2.3355641233196147,1.0176833732048525,2.025615972451213,1.2356308983674023,25.61968879637532,0.4325581878196209,2.366712854269781,8.685232787696055,47000.0,4.672097857935717
328.9774856896413,6.150801597290878,1.7422494068633847,1.3040941286713645,7.207283532983669,1.2242261190646542,51.9062267588927,1.008086310917404,11.224751526155135,9.72729773938037,1200000.0,6.079181246047625
301.84183791895515,5.352874624550566,0.6538547475283253,0.876402115235457,4.976433487100935,6.633405927023656,61.78072790542829,0.7708651938869668,8.871517474679049,32.15631064810394,6.5,0.8129133566428556
333.8496407494414,1.1694241721983976,1.2655637322125697,9.082771431217584,1.091197530350971,0.7446617589010083,27.031955022987795,0.8498443694647918,4.982014899265474,2.158742611366991,40.0,1.6020599913279623
307.15662372193924,1.0446851064697666,0.9579596514927837,1.3346484211477931,6.225239665547395,1.530049196564241,36.506253235331435,0.9787637157823074,2.6657595604566695,20.659507395672783,2050.0,3.311753861055754
375.6988616645352,0.15566935164474915,1.7392118402113204,5.422551435219804,2.4806094193422052,5.630387437674198,11.310540044821352,1.244654703311417,10.672321493425672,37.440664672337746,8400.0,3.9242792860618816
365.43656563540577,1.88883065817909,0.5599372526396406,4.501956189193506,14.674511877700958,0.38766354592568253,55.46973973024465,0.725766623898692,2.8860553904202795,18.35826036418697,1100000.0,6.041392685158225
220.95255445546883,2.9429367142719913,3.7640489929500673,5.381680184619911,9.559119759836381,1.5336470292935553,0.5197589870709578,0.12578692009964815,0.3343494737321676,31.412872777064226,560000.0,5.748188027006201
130.75353702851805,5.059100638921228,0.31601579715797884,1.7075242797896801,6.0726262515610046,4.9645700155973085,91.15852919809572,0.07331796718840389,7.739765398446323,4.426181580954243,20000.0,4.301029995663981
266.42153007098716,5.338043050578786,0.5191827027272096,6.012571812472425,1.4744583845156658,0.8181707092430115,84.84433214707857,0.05429486651781221,1.3856071812520678,25.443095472201275,6500000.0,6.812913356642856
484.8956094945345,4.253130059095515,0.5377773811096611,4.426103634966681,15.440158819499162,0.17765530204346477,50.69646459564731,0.024125087110003277,1.1885085646071296,12.834593821140864,1250000.0,6.096910013008056
242.63379931197636,0.9062821175192157,0.06550654043199677,2.17369908453506,4.277074696062986,0.31929068307569053,37.251139128957234,1.5039929885826886,15.905818850358072,31.372602778836928,13.0,1.1139433523068367
424.60851924976294,-2.146780464816299,0.6853751881606975,1.4857634639831658,8.445070168306927,2.333450062772626,5.528792273291437,1.7522704434236227,5.614070358884767,34.07332642491238,200.0,2.3010299956639813
372.1672064043235,-0.25810354243445843,1.0490405325595473,1.9574982449116722,7.332766853351672,2.138995290517164,37.983730092093246,0.3748208075495975,4.265759809220949,21.663949672290595,7500.0,3.8750612633917
263.903383418092,4.318659606728496,2.1621266551997946,2.463742427777055,3.5586075478103023,0.9286393179419709,66.3066511121059,1.251113576385303,5.544162115241406,12.226467953355165,800000.0,5.903089986991944
247.72769794809605,4.098018451673779,1.4086873810855185,5.633845185454239,9.339775041143422,1.8180298540369189,14.02146762481415,1.7547941819843647,12.491576447302332,40.44684552435057,60000.0,4.778151250383644
321.1017467202618,1.8065737762592153,1.0898381736178995,1.5965444574082834,0.22580821454909017,3.3099056460495646,55.71138243310198,0.1503017614618776,2.181673273283135,14.145815644183989,37000.0,4.568201724066995
330.7801768892059,-1.4203367853132511,2.696370844211426,2.97305637609086,1.0251926287676512,0.5519500090580374,50.921696653269656,0.34758170536167105,3.2385580818561692,3.3254291189653102,833000.0,5.920645001406788
319.5845255097681,0.043254444769935896,0.8165055114289437,6.8103344169513615,6.174933823953862,1.417792447239129,62.801486715693784,0.9826909839455139,9.99284666677546,30.215550975271956,29.0,1.462397997898956
115.91257686683548,-0.5591539334714031,1.2496371553913577,0.10436420084333514,3.1059541228147385,2.177231439460397,59.33833822385392,0.7553829323533225,3.6691068179516897,6.099916452723335,5000.0,3.6989700043360187
207.6766753889096,-0.7033692112326673,1.9517465059546655,4.214567186431358,5.696393332991658,7.897146194512173,74.66589504404446,0.1848361236948739,5.150146681087281,25.50464819113487,50000.0,4.698970004336019
242.4362173762226,2.244019629290723,5.120169076537589,0.3842395988985995,6.895639957714055,2.109529275377662,48.25057547515191,1.77080063563551,3.761802346726604,42.186728369953926,325000.0,5.511883360978874
370.77519354554755,0.8750664482114647,1.264815478111042,3.8902177985069195,3.7308597733031785,4.7106741596713695,13.643141208756568,0.24751863555150475,0.4466005746002777,24.31008146326017,6000.0,3.7781512503836434
317.77010009332537,-0.6706887174202025,0.7603957020119264,2.4423429811352926,3.358742687586239,3.2423421766638656,91.6961077274452,0.4591800792284367,0.4209942687518822,9.914414002739871,200.0,2.3010299956639813
342.9618219132586,2.4153753743262225,0.5431576743907469,5.106994303281238,6.486339242449574,3.1594585599987104,48.02224230716725,0.6815006973726244,0.16991025678276703,15.446342092436177,44.0,1.6434526764861874
393.8283805975998,0.9679105435652522,0.19224155388196673,1.84910115482017,2.6069773645938934,0.9275163704059182,61.106688581685646,0.4787486216634773,7.534536753441125,1.5808904667074408,450000.0,5.653212513775344
281.3128355838641,1.1205378834516502,2.8939557687074657,0.7862191060462985,6.19106723681181,4.456681119110916,63.35251329346294,0.889630795623437,0.4937039356525451,30.982205625980267,75000.0,4.8750612633917
248.27115498996278,4.81869488037116,4.5977962472385006,1.4513542417586363,2.673015128404631,4.360153431353103,128.97860728653563,0.5228600271532683,2.5211209025751433,10.77323086709239,4.7,0.6720978579357175
165.55494889657228,0.16269610703160353,2.0082815335041357,3.0711902604165138,0.20810932432068707,0.7026441976095623,127.52502464070385,0.998354040738791,5.905934390859502,11.790167336617365,1.8,0.25527250510330607
295.0536290347567,3.3496389843332075,2.2454440431245972,1.5296389847362024,0.9987132492783366,1.4773537920244473,64.45843219539091,2.4553001399108942,3.826439905507896,7.035045674972736,100.0,2.0
237.68594735752356,0.8890457616794907,1.2747742546130354,4.756066124430207,8.52302548793913,1.7122388812484288,8.382221344788562,0.4714155563864041,3.3133382656858275,24.493977266332664,640000.0,5.8061799739838875
320.29230208512996,-1.0314882299944639,3.0950104026601233,7.183510692382087,3.6767321429063173,1.1631046798079525,64.29326953624525,0.334456789987025,3.9512656360369824,45.15306808149525,225000.0,5.352182518111363
282.30527725059505,0.4034055109230925,2.7586384560290544,2.9237201597676763,0.19876183724278257,5.383673590553363,24.119435048191427,0.2237879516388985,0.09853737643651245,32.82589910172126,350000.0,5.544068044350276
552.6932425873622,0.9382624541593587,0.9788788850364443,4.176643508276288,4.091348937757869,5.5401219772081,79.19640926629819,0.35929209078705954,3.5439289841538555,31.630553708743616,11.0,1.0413926851582251
382.0482181197364,3.0145480622145957,2.133349379178308,4.677182361782691,8.292953946225163,1.946129662768928,41.64409598415728,0.14671368643332283,7.239053799050141,2.7459649351914592,55000.0,4.740362689494244
336.8673308872901,1.2133223753452786,0.057489645869634974,5.113807450429195,1.14659440811942,0.13930964446844643,17.992807048995957,0.7462535660272207,3.8729050868464525,47.44882084958191,1200.0,3.0791812460476247
269.2221765046999,2.438300655327878,0.4987673674215105,6.3098131190538975,0.5717731943217126,0.8370645773110177,80.39482548582696,0.1866091231563581,2.6786016873031695,17.911349893474615,450000.0,5.653212513775344
407.3631749859772,-0.05303059882212047,0.265939348293752,2.800483259756693,7.170279773549055,4.569560714351324,22.053907636420583,0.37721187506452086,9.393144175406043,14.013746083905183,2.8,0.4471580313422192
244.48004733068018,5.76231413888118,2.896027800832488,8.795223826480328,2.640086700319994,1.5061626730578335,1.0616408565356608,0.7083564472993533,1.462804282627193,6.538820538949075,100.0,2.0
171.96956013291057,3.7449146565602893,1.300402355917322,0.39670345511753163,11.079821976285995,3.210254298978458,26.276258546236946,0.6919080698812444,0.27351609813298683,18.650091739840377,750.0,2.8750612633917
275.876394214367,2.7041107930285935,2.503078848380888,5.775058416293038,0.4929070703554128,3.351887494764383,67.1362673188852,0.4567532191537839,3.4186036813932237,21.715628400259725,18.0,1.255272505103306
364.2722759867544,4.658305060264863,0.39304233940294026,2.8360150303540492,0.5384141657233603,4.320351646348419,16.180384897036518,1.8009404329108156,0.24094770386606046,6.461626531770722,40.0,1.6020599913279623
312.8104414910789,0.6378966850502383,1.6812870979774481,2.6104959172095636,2.6771005992886785,5.668622192836593,27.384684037546165,2.4238793266289567,9.50341694091434,26.40621984216446,620.0,2.792391689498254
378.5800158650832,2.8509151235699295,1.933952286258426,0.19084542456791942,0.021615234543410425,3.4750940675776283,125.16991508835753,0.8773622905756714,1.3257850429779836,15.403287584917962,3200.0,3.505149978319906
320.83828079475524,-2.0834697368485813,0.49435476504119386,2.727936991991194,6.009720059369493,0.8433008786578646,139.88432634247613,0.6408428612670098,3.427073938696781,23.588741720342377,1300000.0,6.113943352306837
439.9355436586002,3.8492673658255376,0.11926073984034825,2.5877471108222956,4.18933988168154,1.1804561562652487,94.7596610013866,0.6351718016819695,6.297316291916011,6.971471826591481,200000.0,5.301029995663981
431.73940656343257,2.395199209384799,4.150521745250531,2.7567512723582714,10.415782818991495,0.5937323503879434,17.42909981927758,0.48388583405432156,1.922083849165921,21.362489196028747,1.2,0.07918124604762482
352.28354880354993,0.852599992122842,0.04870918452196568,8.569081434447455,10.365259020604269,1.3089710090220963,51.90017390841001,0.1200313267182613,3.6811078363825,0.3418884779760827,200.0,2.3010299956639813
274.2623462576655,-1.337168147755179,0.7984462452105585,2.588783758810964,2.899118773796244,4.721960289870099,11.28828315011706,1.4643748802098202,1.3467109113598323,30.706474539182317,1290.0,3.110589710299249
468.3927691457869,1.08223147426212,2.1573616668625912,0.15403387800282883,1.0357637996449178,2.650979812460017,82.61614392067098,1.5763921569842494,8.859242098355374,35.70137031221177,200.0,2.3010299956639813
237.44372984904706,2.791607066874818,0.9880603725654776,1.0426950632956284,3.3018309230725205,2.0148701038141548,48.722296450427734,1.1727290192593647,3.261600927566594,9.44078501870841,39.0,1.591064607026499
377.16987106483447,-3.697085241260151,2.297531400744207,6.9588551151123985,2.174645648418793,3.3590096838784316,14.734073786045286,1.1608267873785194,2.8062072078713483,20.197558225960737,482.0,2.6830470382388496
295.3079421120816,2.954081654446243,0.15364378212051072,5.1319688967542785,5.9776009166828405,1.4812697494839375,27.82909493298756,0.4281151609659125,9.004558743805866,27.753326131702394,800.0,2.9030899869919438
265.1347865592141,1.3014845913631423,0.6432701024347652,8.306991934243364,2.29161271338932,1.2901249415732088,101.51417270159212,0.23878915902651351,1.5542528749242188,12.054752263725327,560000.0,5.748188027006201
292.8398740585936,1.9255555269803168,1.4552590872739597,0.20778354322919773,4.395840463293475,0.24214974032574696,53.93175951580453,1.9982006845321076,5.497966048214889,20.19732713846989,850000.0,5.929418925714293
399.8010109859652,-3.7925107563873786,4.176749409561455,0.558358512620695,6.649096900425099,3.1197177813765924,80.63869525312849,1.0534155631736561,3.7426137641748305,43.71047030800179,2500.0,3.3979400086720375
280.93175992366537,2.4348657463594456,1.7401354613775084,1.9827275518904186,0.9025134308614585,1.0948830073986762,170.17077926191376,0.05761879703358539,1.206594280289805,30.75981594011418,260000.0,5.414973347970818
410.5525932957984,4.37406061112076,1.2774604440583692,4.572019650921934,9.800589193806577,3.439036179056064,65.13177326195166,0.7542758500193579,0.38483007955795523,19.931436154552205,410.0,2.6127838567197355
332.1357215450273,2.8438415084705695,3.227422538117294,1.8141372060559193,1.464939811743892,2.892261504865072,109.47352444623203,1.2276078151369925,3.5844004190991483,25.517591134663476,5.9,0.7708520116421442
270.2436496640008,4.751413626623239,0.30011117406505344,0.502305813886169,1.0384309457032177,0.046737142744402604,4.813754344760092,1.4400508825942944,9.567030379349834,2.2955797752250824,2580.0,3.41161970596323
200.86076505436927,-2.3067802272074296,1.2779234953790044,5.292359173629993,9.852090960818215,3.0294512680279024,15.592482741113812,2.2524358053443088,5.890592921949565,10.127529247370664,38.0,1.5797835966168101
50.05942851264268,6.5818851451814835,2.779144933527192,6.581594987827567,6.135422592057841,7.3192572190178184,119.21364092552591,0.5639091200523596,3.568526049991716,27.801233381704616,335.0,2.525044807036845
375.8928589786765,2.5623828479387516,0.20840220790375213,0.25037251159808965,4.523787533200058,0.8420252306003222,34.64784070976927,0.09833962679474989,5.931546642905505,1.5538397582365633,20000.0,4.301029995663981
317.98941511534787,4.784004572689199,1.836633212004626,6.282002414492708,5.9377688194220255,2.8223135639646477,0.8756303230845219,0.2246331499970246,3.3003125941473113,0.4748331770454701,25.0,1.3979400086720377
310.537550614596,-0.6680509898364089,1.2027352879024273,1.2791277365701479,9.557962401190016,1.321424213881197,49.018110053665936,0.5524899544171478,1.3434848043879686,35.46210644960766,2400.0,3.380211241711606
312.52245026479073,1.141188917749494,0.24459500606456755,2.1731921161455516,0.293160421954226,0.12177507361164715,14.900415609662232,0.6629009175509482,8.415631630798162,41.24365114780409,460000.0,5.662757831681574
175.6136764608715,0.6141896044081854,1.4368145311383949,3.579697507777765,1.7696980697521667,3.7432262180212015,16.32546878780657,0.27899416222380197,5.012082319558544,47.177236916600826,20000.0,4.301029995663981
181.24015809704872,2.6196414204540552,1.267553761864197,1.655196389805993,1.1117259532662498,0.3894620992002785,52.19057359895548,0.14700200162848862,5.783274700769458,48.157845023870266,1.1,0.04139268515822508
244.25082149921664,-0.7396059591581556,0.17656409670250964,10.318837350617274,4.822047407818385,4.917350416332202,133.88504070382203,0.5535882417079946,3.413898475111652,39.42594934692807,200.0,2.3010299956639813
262.0872259012513,1.5928392797952764,1.1633618278972875,4.0590269227714675,3.8956652703960426,3.6718208002867696,51.7041734129613,0.7699732310586418,1.4027154707444862,8.33843469305441,1950.0,3.290034611362518
333.0880232214457,3.6670579232178495,3.987471285142911,1.4962262793902885,7.366013954839753,3.6289230560736163,133.62861934188516,0.4190190093660452,4.230071134550453,14.16346383513441,1500000.0,6.176091259055681
355.83269125217225,2.152010782824823,1.0775119848927384,3.682694372317465,1.016164944216468,4.241143490714941,44.43869693256498,0.9039076414647897,4.413179655538599,33.54139762815656,160000.0,5.204119982655925
409.1310120594269,3.218276241814354,2.184625529345158,1.2656337987792077,7.2785861998751,0.4251507409197142,165.9664769990847,0.39331783939437187,1.1522946989401897,10.36325303696248,180.0,2.255272505103306
313.3540904782282,1.6950603272389122,1.416217353377181,3.8268092671783362,4.715936763047697,3.993698860673334,41.81026865516483,0.5079913269125437,6.620199637043242,17.293358894287245,450.0,2.6532125137753435
338.8578604530964,6.985999034865581,0.012141823079786647,3.3539630978065675,0.49097615128539007,0.296668959573428,95.95382414938842,0.29027454418865134,1.6043538844314176,19.825467092940205,500.0,2.6989700043360187
233.1909546356951,3.984084699073046,0.3499195133908173,3.022980637971379,3.2190590614224215,2.695403945373112,51.409057868456415,0.009118996644203544,6.515373394989469,22.12047349319929,24.0,1.380211241711606
297.4973041254856,3.635532598400574,2.7804150980346267,2.231241225407449,0.06211571906028364,3.9355086970504787,3.2556831537686293,0.30522470435466764,3.657073212955699,12.19543045521831,375000.0,5.574031267727719
305.6649924897107,3.0593855087134614,0.14099755611818243,1.9460065753048077,0.3868464888607215,5.926399699061614,3.033230309062283,0.14408755572161547,7.258168457046645,23.998930949943066,71.0,1.8512583487190752
453.07508323436974,4.437523703394634,0.426885741860416,5.962904547399808,0.8920047432126693,1.011257913354118,19.32986682295301,0.30246968648812833,2.329060911247373,17.556243335632317,25000.0,4.3979400086720375
316.0573981049865,2.0060920403068287,0.8738763394926997,4.762585099145365,5.697324812647942,4.4546939053497105,77.69605674509774,0.9343199112392737,8.201272190492526,11.628518971609747,230000.0,5.361727836017593
182.98869739406405,-1.6039608751600394,1.082925456409576,3.0366206412105874,3.4590624043603166,7.77312687643473,22.687777587375862,0.3918040054025465,8.873469412644774,17.750398796687335,500.0,2.6989700043360187
298.4690150827004,3.158582999202177,0.23916073682830652,3.892275763526222,7.179429009986948,0.47558871908091005,48.63477302450341,0.933267959073196,2.659693507149062,1.7279592895964857,2400000.0,6.380211241711606
282.7053940076577,5.423416960284687,2.7438022858627127,6.4542455915069645,8.827021964961652,0.6279710314555984,16.546363067004172,1.0399046873960764,3.6336932384211846,42.39014570320404,153000.0,5.184691430817598
367.7925871339269,1.0241771837085947,4.314616426531007,2.4228596920133536,4.452572232055842,0.8978777412194758,115.0870644699399,1.5615111967268527,0.19202489439459974,3.698731944807248,8880.0,3.948412965778601
345.9972142939116,0.6445692604957878,4.026774495053246,0.5461413243309498,2.1919293078726523,0.5540409175947252,17.356314476484826,0.9716140385106515,7.202483447666552,5.146585815429065,100000.0,5.0
195.30890173180603,3.0733055050545723,2.371408309325994,2.875813242660267,5.976286114834898,2.2703852657083825,21.090533337092182,1.5013336519554867,1.9360790330528146,11.237504753174289,100000.0,5.0
432.8194141849058,3.11246001880132,0.9117755441632153,8.660009379604336,3.861109382280858,2.7835203842437117,52.85065624485423,0.26859227886325693,9.170810558475189,22.617536344344355,3000.0,3.4771212547196626
353.82960790496327,4.145014674619604,0.7299054590857706,3.3568386693560255,6.268855164126201,5.8990697681280055,152.8103564970161,1.1032083657216831,1.3275217415146319,10.847800501666189,100000.0,5.0
330.7406697809101,3.6314744250785935,1.7209469767194907,2.332309754275754,1.002730282718469,0.8477398514648989,37.56544369082265,1.6073455760199926,2.945849709829508,26.02316679074726,56500.0,4.752048447819439
366.28812686674127,4.34694771497065,0.3620431174074139,5.187327791823386,2.3981277105158494,1.9540706813754871,23.569165912512158,0.5863640187550933,7.429698428601814,15.319073651040926,100000.0,5.0
330.88330125989637,5.404429889270476,0.48150635897713656,10.40673245672158,3.3930578737892647,5.282288277467453,87.66708105522662,0.38115838488277776,7.7385165244964735,25.097720269049375,100000.0,5.0
286.1544016016226,-0.4485964725787315,0.41804651457205055,3.4020818168372005,3.483140698828336,1.765735213261829,133.4952252175703,0.3946715298229811,7.175298372211106,21.66904002330211,100000.0,5.0
419.66314866456514,0.7804341913612356,0.2680343333458354,0.05875277891678837,4.70938987849344,1.944841301531577,43.95259256961092,0.41953244390702776,5.324953066812601,8.438125495148842,100000.0,5.0
372.23813578277714,1.2543336958164661,3.4539277024668102,1.5985447424584094,1.3481083545113155,2.7977724956192698,20.91828664665158,1.7608088119807759,9.153937887420568,33.93876155140773,100000.0,5.0
244.81418541075533,7.1163985713365046,1.1284951973147772,0.7382052127881479,9.252659715407255,6.018278664477369,153.0751788318199,1.2083662305931424,6.144375154868774,23.887904238017747,100000.0,5.0
377.83610761666375,0.8976285673429332,1.6363977668446144,0.013497829643808206,1.0211077351495708,1.3596841479818256,84.81937237283577,0.9553052085705107,0.5304413177510842,37.162951215828926,100000.0,5.0
185.8310885866495,1.6126810814405639,1.4336446412056099,7.46614646829224,0.4960841150561955,0.3652425251498506,125.67248716210655,0.6308116845547775,6.145120945975229,42.81138849501282,100000.0,5.0
422.1033695525353,3.164195406937232,0.45296819769966384,3.837756946893919,2.233240656426318,3.266245859112558,144.22931529673045,1.543243528272189,2.933096530717645,1.7942614993351675,100000.0,5.0
314.0886246911204,-1.5368787311257033,0.6463354283695629,0.5904103451946747,2.7962190112094536,4.784109201800386,75.68000532848583,0.5327008396619114,7.019501014261728,28.083933199224738,100000.0,5.0
297.2485094949364,5.544503193339488,3.32251842909574,1.8283850263450874,3.613272362170683,1.4063227682250714,0.08072804058542715,0.30179189981946597,4.596481670308142,33.403998358264616,100000.0,5.0
289.9845923520047,1.5926524996460683,1.755965173513122,3.30752141615944,1.3588733514091604,1.1020965204485342,95.67923131166248,0.8031789506803448,8.95613141375713,10.933145984361468,29100.0,4.463892988985907
297.86327056515637,0.5055766417043532,4.848480520545883,3.536181585444199,4.4210633825546,0.8439826713546401,53.349535861243595,0.5159392177040995,9.375275141319257,7.064209839805578,100000.0,5.0
379.4264679621827,-0.5085788463384988,0.5871158643332586,5.42632721849362,2.798579894601158,0.1069244468924507,30.75659079527547,1.1647393544571714,4.407549460788295,2.8462134447842846,100000.0,5.0
320.05691972309427,4.29727469885743,2.031643637956794,0.2467193993918866,2.572899001983438,2.0793168217894324,58.82207776386126,0.3670278390833223,4.965541323892318,16.29215824569562,100000.0,5.0
192.78609880143932,-3.8427009669892147,0.8731196083153356,3.615739364344781,14.177594613251031,3.0291921141298124,80.95771305025988,2.0574954697116987,0.12476224605244737,4.079955881562983,50000.0,4.698970004336019
281.710355889516,4.74975283829637,1.2919283582490706,3.1967680266010143,2.8964611330921946,2.859985824776137,56.133515799739776,1.6246784584695606,1.9384756386961746,11.214697468105687,4.2,0.6232492903979004
270.8188731084456,-1.126381617393314,1.766219554294318,0.31134878805120814,1.082879481543754,9.579322703534583,64.93764541828432,0.7517910500951843,2.55814557723326,32.22668563795132,2282.0,3.358315640082196
311.32704105377644,-0.8765559566347334,1.838457869150407,2.672576342155976,11.239786657305274,3.2401441971439455,27.63390521706244,1.281016361735113,0.4071330631644198,27.791605126833293,4.0,0.6020599913279624
348.4732817294475,0.30728669001825293,1.287099664634924,4.119843270324645,2.008651992639245,1.21094538972599,2.243871032532354,0.42359906559346105,12.375149515458869,1.0129937138140939,380.0,2.57978359661681
302.4219456672758,4.8244411108308585,0.1592827824914303,1.8094871849989356,6.374361168881278,1.2849212916229458,40.64278674977256,0.985729995679863,7.124316309388507,53.84345463027921,100000.0,5.0
357.9633173213576,2.651592633164333,0.38876860315467204,1.4126651712427534,2.0309030607701466,0.8862042304170883,58.42304881348071,1.3175975356079597,6.039255391677846,32.09817841693568,50000.0,4.698970004336019
431.71150673398654,1.7638629460178425,4.243709798017189,2.43128794837773,7.781967279366656,0.06860418689664637,0.034888385254461696,0.5047749212282174,5.043720159027318,23.201003523020688,3.3,0.5185139398778874
276.10679008303055,1.266351176370625,0.7835162980876438,3.68964073799401,9.69225413681665,0.9669614076340196,110.85792604127482,1.5213160519224513,5.989865388887762,8.525695309229274,194.0,2.287801729930226
340.37300903366094,1.9516087872181678,1.8074037214602563,1.297437126886412,7.074238746958815,3.5630381653846914,26.769135135080347,0.2011596558728393,1.6997272292768528,11.11642539443884,200.0,2.3010299956639813
358.6693801475275,1.0501926867549511,1.7425945949144883,5.383918720986994,0.758277477278471,5.816786997174854,0.01656623027873394,0.6777449705248515,3.0834470979534903,17.693726729093967,670.0,2.8260748027008264
335.0630099273559,2.978374260295327,1.2694429371235398,4.438799367824893,2.4589119415710754,0.7237729638556274,83.62868506013656,1.8998819348952156,0.7958024782954414,0.3820604299403776,30.0,1.4771212547196624
410.7080669286973,1.7592376720928036,4.345339092028072,3.3896867086016864,3.2119691157235364,0.2715998469124823,66.59901652845073,0.1904996797790664,4.256710902834237,8.46770444145235,100000.0,5.0
351.3105798176083,1.4809066448321655,1.477620961775006,2.4614699360522136,5.612632212267572,3.257946348525097,23.2018277442976,0.8080577982811451,2.203723880408044,42.57275515192684,100000.0,5.0
277.6534017628148,1.301366407763605,0.03883921177546522,1.2127191313371017,4.799651411652301,4.848931825309764,2.6841209573177025,1.067802921579193,5.701845551841455,40.65920058872888,0.81,-0.09151498112135022
289.55507814625287,1.6623565536199787,0.14010432622636276,4.647513210432762,5.564118805143444,0.7151069482043554,98.75988148912148,0.5010941699398452,1.1374896995924604,30.01569138850712,8.8,0.9444826721501687
29.676770700076304,3.3557506390618155,1.3081513662548476,7.322531587425828,3.0672155971498842,4.120975635488874,43.127574268615405,0.9528745472029388,9.673669547931873,34.72371680376071,8.8,0.9444826721501687
463.9964529371393,3.4842549821437845,0.1508672778031856,6.407863247588674,1.4763749287796915,2.5297397859485753,158.54713587489067,0.1758858124323366,0.7392288407069141,23.272280640607015,50000.0,4.698970004336019
304.3602446372454,5.3901020808615066,1.245298723468904,0.7784298209489708,4.4548235141882895,3.9600675336621176,19.41154545473573,0.03703679704841202,2.57581334710356,4.6136853018921595,3.8,0.5797835966168101
159.36825363281662,1.8337888547426104,3.0094407480620045,3.0402238547584104,0.4946385176070197,4.372654498394792,34.539546147506826,0.7521564055905832,1.9150470625150826,35.10675669034717,515.0,2.711807229041191
112.48275303542553,2.2300521582948343,0.3202655911332808,2.6853603058018627,1.2791797694261349,2.2559079952164574,34.04730321666909,0.796025856803489,6.45604283159159,15.319674730079134,850.0,2.929418925714293
490.11906857530073,1.8786783723707585,1.4168135338209256,6.054857570451309,10.81883805753567,4.7524078290164695,63.35633255057417,0.5087250232299338,9.487144212192801,28.42557471114173,100000.0,5.0
251.69389483165605,2.293586023971099,3.2244412565108487,3.5873572634621276,1.611183887434994,2.673576676245862,57.59077006646524,0.7191533192424201,1.2667814329661666,0.192307092732241,17.0,1.2304489213782739
286.87430329076955,2.1537037659175366,0.4497119636161571,2.600010323293839,1.011928031800366,1.325821948708227,4.5199538721423025,1.41093237974627,0.5915287937055704,15.282744344172714,6500.0,3.8129133566428557
370.8214423256557,2.4664322625270034,1.9062732678264902,1.1484966608072968,3.6746242478426274,1.0845105756183049,7.186310366033091,0.10855970577652314,0.19937994386676477,11.878247140911904,9000.0,3.9542425094393248
287.1462488561069,-1.7636980909952782,1.097449815481923,0.37137960456445884,0.9591383519844022,3.083025422777874,113.28539204323503,0.8661748482145009,5.816743203160421,21.407915428075274,100000.0,5.0
235.37726901561967,5.550621785219024,2.38727366351296,3.676616694440006,6.0034939082578695,2.0118606272299346,119.62326500321645,0.2500465145989528,1.7321617756791423,18.904827581568313,1.5,0.17609125905568124
286.5691258529452,3.621616546319564,1.586977441104426,6.994127892952723,7.826041457268915,4.987475964107023,101.62731021708287,1.1267051368275833,6.545798581291189,8.837785680681229,7.4,0.8692317197309762
189.42953315140642,1.5701579394225293,0.6160685683714825,3.1186421290773594,7.86185247671765,4.187051432369868,21.891598671084893,0.20922187374452778,10.100629153325702,2.9119490025571686,7.4,0.8692317197309762
396.48516330974576,5.231165647096463,2.468697743759844,2.369857036611577,0.1584345417535622,0.8404834764588204,9.519824003917691,0.4240610444640897,2.8430360824254968,14.783215936825814,1300.0,3.113943352306837
354.62842480036994,2.0128445396218755,0.8727717810531372,0.43843921570332334,0.5301777552320119,1.110033089646383,37.06019686664488,1.598647170504717,3.3655166876474323,10.567795229562595,4.3,0.6334684555795865
369.6954404510736,1.33236102048798,2.3462492751732826,1.4785687687923756,0.6438128640253733,1.3431507774308329,28.543807603424966,1.1267674689098053,7.163550038394332,17.144146421455602,100000.0,5.0
473.25149994850915,6.462600292385265,1.2761022028815143,2.0033778997778278,10.806346404916434,1.6280213992020651,10.610812404588053,0.620847598251116,1.0088629115087375,7.918641334543089,100000.0,5.0
102.07001896242122,3.495820512235068,2.145486051479613,0.9569874564445982,12.44449601849984,2.75815377475927,76.51437613731649,0.2860042218801108,6.6057578099914265,44.37521181330891,20000.0,4.301029995663981
177.04504055475832,2.9933984464730434,0.9306209135601067,0.4237934172165426,15.866060082102209,4.50891098518546,62.68698307472867,0.4676931717654332,6.514717949636083,16.469747302063432,100000.0,5.0
330.80505395041024,1.2167028651564178,0.5382538824902147,1.372769101989642,3.7294313391363048,1.1088310081309019,68.85501969510932,0.029262813684978354,6.756301504633009,14.229094146172706,1.5,0.17609125905568124
122.69675317931186,4.523843001427983,1.8114646017252378,2.6150653545952793,3.573967764260953,4.123314279512452,56.78371069893477,3.1377485336599937,6.336340854396311,18.348583711937394,51.0,1.7075701760979363
294.51059993837134,2.5711081497153137,1.0422448567586766,2.580862343800228,3.333626796020691,0.26874204376574645,40.1330789846337,0.1512732836535117,1.169449682116086,32.00655145300597,5000.0,3.6989700043360187
359.3556722280862,-3.8807772693285605,1.311801553059522,0.7789447788750994,0.1122525386753845,1.1655553592666574,106.20563599930068,0.9475264621228578,4.637266006941655,21.105784306868028,250.0,2.3979400086720375
202.83432654587142,-0.759236329577861,1.2534344491799303,3.449573889531035,5.7187502722565196,1.539256260291879,86.25478934239986,0.5161782871149584,3.8488895713377134,21.47883817010911,2.9,0.4623979978989561
380.04095252276824,3.5085826596271485,2.377826742949286,2.833215388804255,2.108689245249497,3.2104507149492822,48.673937037547,0.8818746512277178,0.9784017836625833,3.8264603279032645,10000.0,4.0
232.48217250256187,1.7109626585689643,1.5848398419999226,1.231846118556161,11.361688001722714,0.6398811221188156,50.06027376811121,0.8170886310681906,3.9554740105944304,29.063552064398376,4500.0,3.6532125137753435
139.24401356310258,0.47455044286757153,1.5382846995745965,3.7596124044354586,4.976849051590491,0.5814784163184106,36.77425793446946,2.0038623644067535,3.8125081812553585,3.588875922802089,90.0,1.954242509439325
305.9932630266328,2.5547538759163833,2.721317191677302,5.235281596476448,18.117072934924952,0.5515486342610846,140.02555907554267,1.2389463529394373,1.2579564916477546,7.6254572155192895,0.81,-0.09151498112135022
380.71225966373106,0.0529076005910627,0.9527155387124385,2.0218806366665074,6.361259444993278,8.278980116733234,69.62079835893834,0.5089636257074988,0.15344587315196662,11.536138573336775,3.1,0.4913616938342727
230.5286868910942,1.1814351237737921,1.048176795869185,0.609419488134888,4.934519594293203,3.3630920019734143,50.010353245909855,0.009300321138614417,1.9673682990775072,17.327860257884687,50000.0,4.698970004336019
382.50982646676346,0.26573956857819936,1.3162329781505133,1.2149041151066586,8.07522554083929,2.4577735791644932,26.188956322767048,0.8743891807127275,1.5753679740115498,17.903848670513167,850.0,2.929418925714293
385.08979621679725,1.7252564232012066,0.7809296998577792,0.41288701172998493,1.5921740963977706,1.7482759728347461,71.94085791382146,0.13427916218630415,8.53648881659964,28.893231033623884,13.0,1.1139433523068367
396.53974845911705,4.472261443612435,0.17731518192287488,0.7892628296223824,3.705911372606101,0.9482185680811492,80.78855748855707,1.2038844371688162,0.8366776540859973,8.247161027228827,2500.0,3.3979400086720375
300.05279588565975,3.2024134978582297,2.8877096322670837,9.184723812548953,3.3032210969495015,3.6621372777424757,24.592990117634457,0.14778031881747153,2.7194904541380804,36.787013017061184,0.7,-0.1549019599857432
332.67447646023203,2.6009487192216567,1.2444142880868039,4.5553324711230765,6.234670724521612,0.22729285960637965,83.52403086206063,1.0718572330401555,9.322552596096386,27.26834487037543,2.7,0.43136376415898736
337.64095260975165,0.19589689128497922,1.7393261625493888,4.501739137659078,7.136471357203967,4.9280188597678904,4.968963267606561,0.638391925608383,1.9717108544939077,24.047811466235146,0.5,-0.3010299956639812
245.58859978858075,1.6744141878554115,0.08183835079144226,4.008749823125891,4.4449460725207555,1.5396406994147558,38.57000423299907,0.9943493746085122,15.374001952771863,12.134583560997465,7.7,0.8864907251724818
541.2615421612916,3.569208575796048,0.03852075946878928,1.0515633168330707,0.13479535687227828,1.6413573455256298,9.040640765442241,1.114321694668872,4.292287892647464,25.772785885619015,50000.0,4.698970004336019
343.84757388097273,2.03923331538798,1.3457224719336398,2.367256534965512,2.124244265646143,1.7208053186907029,55.092814763099334,1.5490201514951873,7.434642453923406,7.0128789862866014,54100.0,4.733197265106569
316.4760841236517,2.101775403712036,0.3466833287408164,0.975812791634001,1.3392135278088306,4.469590315806246,30.04519892382578,0.828497024780246,0.6195285608942843,9.647832167312508,100000.0,5.0
282.4145595567929,5.322940331456037,0.041772976591923576,0.9228036228747339,7.560988591035482,1.8490842241184324,31.24018098380315,0.31771509675623405,7.6898627700226125,23.365365910876868,100000.0,5.0
188.85420430629682,2.49300955686401,0.9964434969935703,4.560596154085066,9.48324411941024,3.045282575483606,9.457124439483088,1.2575778589146163,1.4041191546418883,21.995375616695018,50000.0,4.698970004336019
398.7334516589102,1.8480979527149546,0.6396950465096879,0.6070319689949615,5.010857409780138,6.26861616508432,30.383051355902936,0.18474057889572446,12.141637315377835,15.101997668399967,0.17,-0.769551078621726
280.9960964998505,1.2851091543791457,0.36078336352481566,5.491393898706121,13.271171467977041,4.6003011038889765,21.197857622507257,0.2666523292344148,2.575466521791971,23.828299046560794,13.0,1.1139433523068367
140.18756481162524,2.9243453321638855,4.048619246573705,5.452696018371242,1.1382370056623738,1.9859465333898272,71.2943603096518,0.01914777741575206,3.8489214542658576,22.31808427306611,0.73,-0.1366771398795441
480.4348109786743,1.6181924165454027,1.4395158842963638,5.173091831484655,5.738618260908052,1.4172188336411322,124.20580142679825,0.35561334878566,1.8783481831389262,14.989371081350312,21.0,1.3222192947339193
174.95922660302824,3.2090306527107337,1.7646661246468183,1.8083613313323215,2.820252886557009,0.7976346889561454,28.164013197970224,0.06613261462582246,12.598330734999092,11.29461448881005,21.0,1.3222192947339193
264.1659847978778,0.7049163887296817,1.4883839429998735,0.724896692872412,3.896238229928556,3.963912096819036,120.98015022568185,0.6004235657387051,11.199239708163697,30.11270534755383,100000.0,5.0
231.5370174239996,3.5812511983255373,3.940207635423671,3.570389353197237,7.267031575684687,2.1922923571995736,50.71365339182171,0.9539394193966448,2.442217877560683,25.294776854350513,5000.0,3.6989700043360187
310.58944531152343,3.1688259609449685,3.952881169030971,6.256966446844205,9.703275449811743,0.3130678125696388,5.060797583843588,1.3303136257389898,1.134722344662201,28.82475167886689,100000.0,5.0
287.2450879622466,5.022309860494695,2.9023513801031178,0.04835579138421824,7.514360666478714,1.0908956478749037,94.34436950486501,0.42076179368105326,15.625283139762805,17.984222201947418,100000.0,5.0
343.67385517335094,2.8085895099233955,2.471564383644308,4.284214718596195,4.0812966327026965,3.577522537433925,38.92937920032584,0.31965182591897723,3.025078986046029,13.777159903475312,100000.0,5.0
334.76764835383364,1.0255428717728954,1.3514161583232236,0.1366096699520984,6.523475633176815,3.2574753866555564,83.96866414782517,1.148794035158656,3.9978750054552714,21.938869392809266,2.7,0.43136376415898736
127.41932712094032,0.6448706953286898,2.388218806094745,3.9246621245587265,2.786425573856326,1.3861826797556893,89.16952546412978,0.2515388860444957,3.585061168149849,36.33554792547761,156.0,2.1931245983544616
473.8899663797579,3.957716101563591,0.1706362851300481,3.2330628865637054,4.982666439339392,1.5675423157972723,70.91991104443419,1.4015985929464294,3.902700555216835,7.546204526397268,50000.0,4.698970004336019
405.1947617722918,0.0038787453711741637,0.7679425439047032,1.000800825006778,11.974004938703786,9.329755668016082,80.33615295680914,0.18319661872038787,3.2070338908833014,28.314831388107542,330.0,2.5185139398778875
267.93323744428085,5.590422711824644,0.46014151838280415,1.990972356365577,3.9955455123267685,1.264759831843367,91.94702502348062,0.6172531865469232,3.349810523676183,1.502313494575425,82.0,1.9138138523837167
343.9501230620226,3.557873007024228,0.9155457323037716,6.697969733390149,0.03357611297427933,2.006224966777538,4.5850438069657145,0.387099702474401,4.173226545394665,27.73653166114716,1000.0,3.0
270.60330523358175,1.8568014962838664,3.035747493361619,1.4281168032264375,5.342298981118717,1.7256150483196988,75.03328606906048,0.04977368718096008,0.04237895176905871,5.095182907898295,20000.0,4.301029995663981
369.88284202025346,2.8419458887787794,0.9840376959855985,2.1041393706703215,12.920057519227466,3.291458135261087,26.058127199579793,0.8627757640431206,4.160873471483962,9.119810401213055,21000.0,4.3222192947339195
405.9936384046622,3.234011899153395,1.3671386464009552,5.463822844802137,7.271663912318402,0.7837515937015682,31.536143037689843,0.14338846734225108,10.65741139738992,21.129792172210063,5000.0,3.6989700043360187
197.06284918179284,-0.7053405716870689,3.0447183724357822,4.450753499959701,3.7755803621567323,4.601183129749497,23.20992684738511,1.7073579575929467,6.699146639691955,33.537174300104084,0.76,-0.11918640771920865
284.4101822063333,0.9034254070187981,0.3200364517055754,2.00713094467018,6.704392895414765,4.345497689678779,32.01156771054571,1.3260476860820383,2.480790966739656,18.90420759874329,30.0,1.4771212547196624
203.6241073789389,0.08569817020991422,0.6875757630997709,0.1946094062818046,0.19678197246951906,2.2754860041002085,38.47996428971163,0.9242331442683044,5.341190466748721,30.52874002085629,1.6,0.2041199826559248
115.3812137761906,0.14097827961517995,2.993058510180158,2.600095737627593,0.5006278187421651,4.3489356590955905,3.9070093437343445,1.0039573720814985,1.2436039763936637,16.040165055543756,44.0,1.6434526764861874
227.82624466627468,2.353641744278796,1.0933601691745307,1.086620441304213,10.040712541791223,4.021383155371044,14.979061846379878,0.8297324178791745,4.868379326949553,2.223949331289276,0.55,-0.2596373105057561
381.8777643754861,5.075863836825105,2.2450896124888278,3.6700112840570545,6.105968801061015,0.814485932476944,77.57381376197617,0.3405892164004968,2.3441755255688648,4.897081924666246,8.7,0.9395192526186185
404.7317706621448,4.339179984855547,0.4587814881360555,0.17390779925544972,9.186645015334333,1.5427642680535048,78.6028720857072,0.062191016999311004,6.746120159223016,9.988841535300892,1.5,0.17609125905568124
356.46059258936003,-0.03932867738423118,0.04710430174847624,0.6974170316113434,1.3518475322456496,1.1085807865000756,43.42637021641661,0.8260471714415063,2.6205854234293047,9.09865651108019,2.3,0.36172783601759284
474.95839042054206,4.7629081573809735,2.5845253902112373,2.7588312209807775,3.0178486233080584,0.7904616459931787,64.71120645067468,0.234407800316322,4.702593993518379,4.641884215256109,2550.0,3.406540180433955
208.38080845187574,0.33635558353911055,0.13435658009871052,2.863039956443007,4.092312394275719,4.461738466007782,20.99733793149785,0.23940450053537707,2.998110661817603,22.080034063789114,74.0,1.8692317197309762
307.59552679160873,3.4853648367194445,0.9644979053613144,4.950649689309191,5.214936386335639,2.661872511800226,11.835694791070921,0.03793783544760203,4.099973956866417,11.860292706309576,2.7,0.43136376415898736
407.2978047766012,6.7277449892387216,1.5719720652699647,5.5241784126150995,1.8229115736292543,2.1646875153784304,38.45668130776155,1.4532606633210343,8.031634798339493,25.393779345474165,64.0,1.806179973983887
239.41391792411065,5.438755812414593,3.9850307063362367,3.0666263511333915,3.297342815451481,2.578763660939406,30.643467510524268,0.04541121793223822,0.1523305232544611,13.795097342964844,0.61,-0.21467016498923297
298.6162253905763,0.6205444518716523,0.986245644799544,5.774528013875257,7.539041365675538,2.439615560243932,36.05185348340957,0.2797601684958344,4.742231376310268,20.100769418533357,14.0,1.146128035678238
357.0612997219531,3.9363693210657225,0.6626167663666455,2.448946938031001,6.510903159346789,2.4762315899368654,197.45472126543626,1.2446795807367868,8.106446197248129,4.8368693511535525,14.0,1.146128035678238
348.1866061718491,3.094529594755934,1.0977676706347288,1.0198231742147914,0.7527255600174013,0.9836385724780722,54.29465031466652,2.219300372747535,1.3787977834511629,2.2289034860952963,150.0,2.1760912590556813
317.5211418908512,7.97051800520682,0.7349633309486088,1.2541187446895916,5.530809011863513,1.448063661627638,71.00472452259206,0.606850593215671,12.33926138897725,1.963326529888736,700.0,2.845098040014257
347.36320768114547,0.14723774003692314,1.1110252926844966,3.6747460459443775,2.5042008816305064,0.8852697427137189,98.79083596723545,0.9184544439424138,7.474304258678307,15.82401166499773,0.25,-0.6020599913279624
229.04201452508272,-0.5170098213506691,0.43403410084874083,1.233931153823279,14.560298918073133,1.2988794760820885,18.88087503771186,0.5647740041709423,6.128299772576391,46.326641593048876,5.1,0.7075701760979364
141.40166877620416,-1.75984877027809,3.7419303507435644,1.5584567094836155,5.209756391258199,1.603887258367306,81.78738695084388,0.003375506597160999,1.9669270370585115,28.864052093067446,2.6,0.414973347970818
198.61040477074624,2.171374322806718,1.8508492521191746,1.0215350226972684,5.372077934178145,1.2243025174806619,0.2092302604885461,0.651136241823657,5.150706699939992,11.480691450638794,12.0,1.0791812460476249
303.82379949600283,-0.8971828292670883,0.5993532960135741,0.20081846816697912,15.72475854617985,3.335901077322491,123.20886193762188,0.996858773465808,1.6838184269408183,41.379307262927,0.69,-0.16115090926274472
337.21054726068627,2.7783183913358576,0.10624130603509069,4.89427552967451,6.5788154028653025,1.8770318624886373,15.96235972993837,0.20298063739565708,4.800231386385878,14.047131380769674,20.0,1.3010299956639813
423.7438134684139,1.08539668982642,0.08564676262314976,0.2320909392335809,5.090585293231708,6.740668001953816,19.66498526173516,0.21128369227947272,7.2004737385611675,7.621463287406923,1.2,0.07918124604762482
112.34472939581258,3.2394228919322723,1.2707247776512587,4.758666636361445,3.7460723382793444,0.5535760729675486,19.762766773089364,2.205566057099069,5.382397181322793,34.12312561918083,1039.0,3.016615547557177
365.1521991339506,-0.2753713408496332,0.40298306789503596,0.026085260917832247,3.5927663373714616,2.0050214661542425,13.291310061075215,0.08199555641356042,2.7436824276914464,36.8373348322015,1.4,0.146128035678238
370.4506539824723,3.578113374751038,0.16765325585872187,5.641836580814015,2.4585767757569843,2.583263730520711,120.16849850625954,0.6979032725390276,2.6582641267708937,7.807605489011349,2.7,0.43136376415898736
329.6575545140762,2.9263695905351694,0.3945845312624129,1.2452346937715395,10.199744247458284,3.214629456704657,59.53177956325122,0.9413105807674833,6.195143421165238,20.968905749202136,3.0,0.47712125471966244
480.93063497331104,1.5639082092152523,1.6952678572381696,2.6083555543722428,6.53779822405433,2.3542857243831103,31.47459507049855,1.405567019178642,0.09371000369761828,28.53415760679971,100000.0,5.0
209.22438198530796,5.038567847283538,1.0215841770551894,4.122322342496229,3.9470073231128224,2.563575681199847,4.596695019765647,0.8902475008365087,1.0310360387611874,23.298768299771755,20000.0,4.301029995663981
182.44053943751484,0.20986031544679062,1.1944564365067696,3.793392016896803,2.7792377525947383,4.101413419380737,92.40871063333341,1.232523314768509,3.3137996260771394,24.384464004690013,1000.0,3.0
230.3228181570425,3.1640531341694538,0.5208845266671119,2.155367424770953,6.051328104457248,5.887877075017737,67.48250236498468,1.5648027713620551,0.5720651966478492,11.048276758766264,1.45,0.16136800223497488
367.91427754381954,1.3959090010202715,0.6588955726941828,2.9274828171531824,2.0103481745047054,0.9484678715483348,73.46337949042632,1.5355721232071058,4.5407320799218915,24.187031910204034,193.0,2.285557309007774
198.3316871423503,1.5118390526515975,0.07861457525526237,0.5379871376069308,2.003159799411208,4.2941003454935505,104.08833638364143,1.3122191934314063,3.732419941836292,34.93399979303115,0.43,-0.36653154442041347
338.6808520689203,4.181960850371934,4.02454089140153,4.094838184427926,1.495851573850373,3.1352654222542604,57.24439165484456,0.02390304328495547,2.108485414282395,38.45120038248162,500.0,2.6989700043360187
218.15713340579987,5.064735449356232,0.9997282474807427,5.597224699207766,2.2058957579485297,6.3000795229548725,81.27540084155179,0.885231482988991,3.5541357339123216,16.853215439333734,220.0,2.342422680822206
495.4157433750286,0.9885065914761266,2.117815174113201,5.926653609850395,11.775523143184769,0.011087015543541977,100.57315177041781,1.341475915530881,4.454905395230304,7.720412469481976,3.1,0.4913616938342727
423.0874513154735,5.370028557417019,1.1257617203487096,3.519257414008217,11.922366670196647,1.5929126934358935,33.24311094142741,0.34233783448962146,9.324962524288644,27.809639648283355,20.0,1.3010299956639813
341.48655003619103,2.9265770602362124,0.08702933728693216,2.232558058074025,15.177360466165819,0.889822377209395,62.06609674583905,1.151014083619507,2.31793990686936,11.932931685208178,80.0,1.9030899869919435
475.547569831549,5.146039450429713,0.9316111382363257,0.6033508462667813,0.44368539365035553,1.3549784284788682,59.75124920140634,0.7582820688875902,6.783692009625158,24.34066835850403,10000.0,4.0
362.9529584221811,0.3913684806800153,1.7907108615251992,2.5263109166613256,1.5189914282278871,2.4610320378373682,48.31937176481435,0.4547409121411344,3.0985778633254304,12.053001248578543,20000.0,4.301029995663981
279.414056911966,0.5068433069195222,0.3535483262315642,6.194473195454987,2.946922482852628,0.8546264801090124,37.191012375231,0.24149744587077882,0.37058519916077354,22.19162277129096,9000.0,3.9542425094393248
387.4517074132523,0.7004695463034658,2.406401710778289,4.168177648972412,2.923217527169563,1.0557639534495273,11.500196690127133,1.2961166642498945,2.7367249648451293,17.72139930170957,300.0,2.4771212547196626
359.5029465835565,0.8851538937833576,0.8259956442868681,3.706793235389243,0.18863502224865852,2.5452859025724437,78.65639066206,1.7858664919341112,2.1577780347147746,19.51661008787613,4500.0,3.6532125137753435
318.38345163225046,7.386067327960993,0.6996000491358151,4.016218387368041,0.5727854825344382,5.328739000399356,45.970012535161956,0.8330560570007587,5.49234165336097,6.756895881066976,50000.0,4.698970004336019
288.32340842047535,0.7288843171911932,3.4777027037066626,1.2849710644716468,10.99534226087521,2.4424552863547997,74.1033363667693,0.3687331473175197,2.3627837892975094,13.915088690184149,100000.0,5.0
272.1116605849243,3.690315942368643,0.09779436694821109,5.6207593872143,0.3144267034648167,5.112316548766474,112.34458577673598,0.062004009366031745,5.70869566234852,9.502394694479221,8700.0,3.9395192526186187
129.6128413173281,0.15106802374089123,3.1257775370163956,1.0959723273172168,1.4603038762501084,0.8995145888246416,145.20682947865035,1.6259589153620633,13.312681400688803,12.614321843999232,100000.0,5.0
329.5624488747095,-1.0332850988415823,2.953868852236549,4.67111820507174,1.3006533825757747,3.2919075828985322,20.556658663065196,0.8372624310497003,3.6472515640549075,6.913159452765321,100000.0,5.0
245.17312050749229,3.6666678235606143,2.20972558612504,0.8821657080554675,7.30775491383335,1.539589093540188,14.104055462619911,0.23052462518025083,7.0783512501642605,17.911614464300364,0.006,-2.221848749616356
246.87857053924014,2.9677533023760794,2.2045842996728466,2.725438041771792,2.451643846210606,0.9234254134166523,8.070710077638452,0.8866809222834573,3.2089040180754616,33.434707537335925,21.0,1.3222192947339193
236.26922529712053,2.9167734071029683,4.1740540372041375,2.3384709226287983,0.18635359722541173,2.729050250945501,3.1746812605202024,0.6677795564688862,1.7531563699582389,12.19006472390438,100000.0,5.0
76.1768766675028,-2.2414003052701323,1.2137303557143508,1.8307463442142082,16.485029056351408,1.4991905284548919,23.687607174128942,1.3883377782084478,2.310130870277182,20.74483477111393,5300.0,3.724275869600789
314.12571400874634,-2.261132959614401,1.5364144332634746,0.8615860218251518,3.0496118380475377,11.77871311930898,54.20564697492942,1.7246966497611085,1.7246851164021333,19.30993356604514,100000.0,5.0
295.4487754698758,1.151527333203913,1.1396658564775175,1.3180349422920365,9.103042180030075,2.251737502565297,29.190279755737304,1.1300693390403578,2.7000771479748824,33.85723825293859,93.5,1.9708116108725178
246.4664912983777,2.7169072364192406,1.4619125514309466,3.031687399694478,4.113046432741225,5.545826499889234,41.221802725039225,0.6686548047579066,0.5884052372336673,34.438076727945216,220.0,2.342422680822206
228.11676123912696,3.4900106257545622,0.38939459223336337,0.256752708433991,0.5505149066902372,0.7567211892800322,44.18854784390209,0.21471318317052634,9.468708345373107,29.781745284228275,66.0,1.8195439355418688
386.91545924968966,1.0889209479522586,1.7784816564566486,3.8212022329510114,5.256280755178765,4.418012027252946,19.800968701538523,0.22954865536034708,9.836904975152605,9.112933409086907,2.3,0.36172783601759284
399.6570510579447,1.067009241543604,1.2809595904016475,0.7620124239912454,1.9443421693293637,3.443074169447002,54.260472481695054,2.9911359709007233,1.1213769489719092,9.457098655727101,10000.0,4.0
420.5994516546816,3.5548147055290222,0.9333419639321621,6.08402490863752,5.693499124949024,5.242089593746675,96.60957821301923,0.23655528721894603,6.813720883097664,1.5944026861745115,9500.0,3.9777236052888476
217.54858384723263,0.7828205535205992,1.0579554161280305,4.226230571041011,7.33849840257195,0.776563201109495,67.62524841784398,0.5703513664136806,10.923619803291103,19.05086037587133,5000.0,3.6989700043360187
108.77450245802231,1.8627319078290627,2.736630077665621,7.949103996923232,5.46817633304833,0.31726137381444125,113.18533388273343,0.8463159774657358,3.2608762720205577,17.9971565057807,1000.0,3.0
326.402008133367,4.544707000213536,1.4649842055596045,1.154894651300093,9.929324617369776,2.880138885838391,43.864553320213794,0.09337237427665124,6.781222348043543,51.17515013367632,1450.0,3.161368002234975
451.6394055253573,3.204236640784967,0.14407372256748952,0.8488358796046067,5.711510760133414,0.2324415555565876,62.88762700713753,1.2417605754816243,2.0050585034693844,12.671114267628768,100000.0,5.0
109.21924421226089,0.2792299784409962,0.8272110668432885,7.550750629360762,3.339318747202549,4.006444707299674,74.30181447088185,1.5473039889383655,6.49614632332244,7.933130222731821,1.2,0.07918124604762482
290.63638112608294,4.65159329508438,2.5743271371685,5.588472740451965,3.501595958076029,3.11513655305795,25.96730377384212,2.832155598110569,2.7069531504539928,23.276111998663808,16.0,1.2041199826559248
420.0261749738829,1.0736772758292021,0.8228532142320049,4.615602937022989,11.218450198172523,1.1655623255490277,59.52119449625289,0.44921872128503426,3.058840159145295,15.51661517558762,190.0,2.278753600952829
51.16726465870104,0.6835031753323033,0.9070174251089348,3.929176137018718,0.35390532953758425,1.3406175024080942,32.872539957111755,0.1704637709965709,5.776395391707673,11.9008308045593,84.0,1.9242792860618816
361.02161695892227,2.3139459219368685,1.173062539127871,0.896865617163172,4.2876587438197085,6.149823835732434,107.95370324779489,0.336254738681072,2.5529395994413817,32.95870385467842,9.6,0.9822712330395684
162.8326302769534,0.5811179951449068,0.5770973917514096,3.1350140844977132,10.40961945502085,2.570316281480378,22.22266102565667,0.20438903160297678,7.212897156456533,9.064789323656044,32.0,1.505149978319906
331.7453261250175,1.3342791912349776,0.18677371779989657,2.1173284497934834,9.086821855084601,0.9647796340177157,137.74665358236206,0.01840163078343813,1.351584703485297,25.39084132675289,0.13,-0.8860566476931632
173.0669503453301,5.405029316259212,0.40465759284560404,6.527427596356436,4.398197973143937,5.454185767673474,88.75777470173915,0.5530400858523584,1.4041467261188876,11.272070728883259,16.0,1.2041199826559248
420.0531658473873,2.280719739696094,3.9341394071743045,4.46874584682801,1.1150745131564839,0.9299969494966652,47.17057555500521,1.2189707897936632,11.706611184231749,17.153819047577404,100000.0,5.0
118.20207746128452,3.519424590968337,0.1889174288840055,1.6784398880964726,5.183297763538596,3.8383947949732535,102.08623320294257,0.5835443030118876,0.7771034811806445,23.697859279426982,44000.0,4.643452676486188
229.3107432012651,3.711111318041424,3.298961788647842,4.282442239916745,4.377614818844457,1.0842519518193088,14.657077187932387,0.5723903111756757,2.703620477175233,13.047245092982461,10000.0,4.0
183.82161560876364,1.4337222065124657,0.6017194942816525,4.837907741675221,2.3338723761131024,0.7544208268215362,40.286543401074034,0.7557915001583629,6.2922427584993805,39.831106696324426,2500.0,3.3979400086720375
251.6438516153463,0.7756661656903585,0.9824153308239926,1.432117518987945,0.836383203979405,2.218959455174014,45.467804375364636,1.3183023248526693,0.436083145976048,8.827602831567297,4500.0,3.6532125137753435
291.0765845778551,1.9248587100410375,3.462402606889851,5.979752909812944,0.24795379362371078,1.3290063913421255,97.57748852870213,1.0211624575603002,2.8408313942113708,10.985383636518097,50000.0,4.698970004336019
384.6770775216494,-2.2544548407029907,0.198188600482538,2.4112826231358464,2.593577703804933,1.4101325621046064,14.618705258898693,0.7121738641760436,0.6639922113439767,1.550366590271878,100000.0,5.0
384.1983695452127,1.2615855991051077,5.813976438643283,1.4992882264872245,6.2312629250638345,4.893827446382836,11.871331911128621,0.10940847183297006,7.971844969489387,19.6977671079747,1.1,0.04139268515822508
239.34966117842603,2.911808390341405,0.9181806204379835,2.7784014766525784,6.926176009397906,5.255486420255157,30.503814672027733,0.15805348992013185,0.5797420200893384,8.760496080789622,57.0,1.7558748556724915
205.4253939303219,3.2164923833699373,2.63426383989317,3.1041116553739014,6.013302113560348,2.2573057120591047,23.33925953078385,0.5014021468856367,5.851874750867873,22.734421326659348,57.0,1.7558748556724915
397.8422112028035,3.044285091867872,2.2073396570607384,1.3231568973102295,4.681194774704776,3.9917247121171204,9.839432321315577,0.8936976893891109,5.357723220652615,42.444303025741306,5000.0,3.6989700043360187
259.03134073705024,3.424644319160324,4.5633036730776855,2.4705667077347866,9.210241485194159,5.640030101723291,85.63560144306658,1.8831502080585838,2.233914317627537,21.55969780558441,510.0,2.7075701760979363
318.51755368299143,2.8508897283683448,0.4445797116017081,5.115463253253573,5.713898284432782,2.0309854153755937,11.367027736458802,0.8301918118626102,5.402391530370382,21.768379789777622,1040.0,3.0170333392987803
418.3493666889928,-0.3560817347527614,3.334448223102274,6.092954486849033,4.413731983474481,5.345396726313179,32.83116038388869,0.5244481362626519,4.411820764091714,25.822189856360147,20000.0,4.301029995663981
194.98592603978545,3.514990298674971,2.741072287993427,2.7808116003359973,1.7025061419690068,2.963620022702248,7.6574516937317725,1.2496189052966666,4.676094023431994,14.414707209336838,10000.0,4.0
258.20904542341094,-2.0516157462227538,2.1417048373688776,7.645676348558894,7.682733426014801,0.5684394636632419,100.37219865975993,1.2549226680022925,1.1082628486864998,29.068733062659824,9.1,0.9590413923210935
301.249932190725,7.736806111333537,3.3371985177563905,4.2349141195355156,1.0368104243787863,2.315760464510025,72.0653575849623,0.7331561971099966,1.3739783547560416,12.868521770974308,77.0,1.8864907251724818
360.3247500571394,2.5963169319810513,1.2773203372862048,4.232473300348601,2.2057190412582655,0.4442682593948286,5.94658316693539,0.712220763649051,7.120407721063986,36.54503108558968,5600.0,3.7481880270062002
276.1889563687946,2.092005494506548,1.8092287499875321,4.691027381069779,3.992500942150672,5.823652309391248,6.083846141013055,0.3780078990182172,1.388675535153434,24.69734306588656,4.3,0.6334684555795865
278.43323624523674,0.2540778190925992,1.7628150578471422,2.8845414501823265,5.49764460338235,4.066328403316487,108.50993545983019,0.13429649724779288,0.4775871742562183,23.310866566738607,100000.0,5.0
213.82969297437418,2.060062958328164,4.304767089218361,3.505822582011742,9.368959334651157,4.510259485286997,33.49399530167749,0.2116669819311769,3.7664034365070336,10.679416891168854,40500.0,4.607455023214668
441.8531345148036,-2.975617313070159,2.5539307721763755,1.3520939244068326,7.242129887143293,3.2259371791477136,133.81965136041015,0.9455068799427312,6.920103063575756,32.05971813547094,22300.0,4.348304863048161
333.85528762859144,0.1241488469272023,0.433249950809238,4.103010734561109,6.6049283905356315,3.1841128946194006,76.60030994109715,0.3616610612470166,10.567128749204242,14.995294910823379,0.91,-0.040958607678906384
181.8125874579199,2.8989478256646137,4.1720940990742275,4.0590379727434085,2.1687766001639144,1.2493381143043578,47.304757549713045,0.9823035803773146,6.731147137382825,49.80061083025889,3.4,0.5314789170422551
319.6131459023907,0.19186342052799943,3.09792105010695,1.0319039248847235,6.623264059897545,1.4255032394861449,49.879807954057306,0.5892716517893062,6.552981796308538,27.52126989487323,1.75,0.24303804868629444
391.37716213855856,-1.0914595733814663,3.1796779563613677,2.2962848835760052,8.397567870874761,4.026383245455345,18.291207770771948,0.14896930976729691,3.016706561371165,41.94541234390445,35.0,1.5440680443502757
370.6078913815131,1.5146374463759333,2.0527384153317842,4.9200022908766,5.7882325545042885,4.8854056643169645,35.780767519674534,1.5905820726178503,4.07358774035567,12.945067658363126,1.6,0.2041199826559248
248.06036281738733,1.3181842453078403,0.856633384750475,0.30862598487086695,3.562868448412231,0.4968942309528967,53.92885148595749,2.128734094414812,2.749008688732192,0.30418162924789804,120.0,2.0791812460476247
184.6667596794255,-1.3746886942214207,3.5877849957357806,5.421790012449157,4.254125745782943,5.859777412579705,23.706016205239806,0.17775010626803134,2.402888319037972,16.96597779323773,490.0,2.690196080028514
292.25565392740066,-0.3905875271984893,2.9018550965584238,7.228786574551541,10.095952164736115,3.072085772659139,36.009482881149694,0.9645377949101913,3.0357933207351913,4.075916963900804,100000.0,5.0
516.5056067806602,4.381097188687193,0.4251480612644298,4.107945053278929,6.635402546143854,1.6918424641747296,9.18913777290176,0.07814306296964744,5.169816746987664,17.085905979801264,1400.0,3.146128035678238
142.3003517809003,0.3943511120983154,0.14794572718875607,0.30266241730332105,11.835253060738848,4.157963827196994,75.27946209179373,1.4891131083282896,13.628698472536776,8.93403865224058,210.0,2.322219294733919
349.14294527202,3.139520714397294,0.39096346310658164,0.3953808049572242,2.615852337000275,7.596738255659056,84.10347450313157,0.12617790366196718,1.3348493806695922,45.70293293579337,0.95,-0.022276394711152253
232.50659812094477,1.1938480218699383,3.983106604409468,3.3282452193994265,3.300691697619233,0.4410762702925499,92.03672410647746,0.2078025073533134,7.755752082913576,7.017471553092157,22.0,1.3424226808222062
239.26455667877886,1.845557909553909,0.8516873172596582,1.6728230235518884,10.656070524290413,3.1918229626825685,62.62844229983118,1.3845320475939062,2.665189963744031,31.519844366036434,4300.0,3.6334684555795866
346.6545311450127,4.692451512405496,1.044501272035557,0.39166098577161623,13.634608322681292,2.667111366839676,78.68722105022066,1.276304416538336,7.729845704781226,19.390732232127803,100000.0,5.0
314.5521197768241,0.7717548699833676,0.28196539922412,6.354507712174383,4.172414847301792,3.423025529258215,44.424558642852816,0.8049664808525608,2.326199498451367,8.795765015555359,100000.0,5.0
252.23544173959948,-0.5102707439467897,0.25530936303638024,2.24243054738924,17.57669214001361,6.158916073504988,104.4384827108336,0.37630072492499606,0.11291429844359055,2.5748152097634254,2.4,0.38021124171160603
469.5722877810865,5.794577389546223,0.3133874564930492,4.094122576741379,1.0517206736035432,4.010176316627792,29.408831551817137,0.13192796677195706,2.727286312460665,11.72020083847446,108.0,2.03342375548695
290.86004424908856,1.8382430042690774,0.10451698099496642,4.242420265586404,4.302096894767617,3.853752797099908,98.89077748431001,2.1056469418403245,6.921542059901553,35.79524095894265,108.0,2.03342375548695
269.78194130173785,-3.206274175654597,0.722621123934581,0.2567366451552771,6.063589319573481,1.5456551814247281,126.50975994316757,0.664927162301741,5.547384686268599,8.96398754393148,4.6,0.6627578316815741
267.2982682390229,1.5730864412991235,0.9923983747266326,2.141266850270636,3.0689974521711685,5.805462120180687,90.77505112221313,0.048088507330772585,1.098902826319768,9.649902987301932,340.0,2.531478917042255
418.06409124521446,0.7453731080973942,0.09044541799996512,0.20479160752434136,3.010705156869192,4.117396643652302,66.1487251808834,0.06100397185538355,3.001442816619419,6.995995403412497,7500.0,3.8750612633917
422.0821298813048,0.2464524375763104,3.424080568035785,6.990546039313046,2.6086203873413467,1.4262920475798704,10.222146602955881,0.4243939378610126,7.677112018560953,18.25228259031097,5000.0,3.6989700043360187
350.2744807490815,-2.986541640660155,1.931329607046416,6.5166654596037805,3.490692200352324,3.5216398932269177,40.103113550765904,2.067906338163552,10.990093483236157,0.769648674590167,5000.0,3.6989700043360187
449.7431683179626,5.7154046870754645,0.20686244858056785,4.95621081010657,12.575061010854954,4.7833271752475905,83.94734938811165,0.81240234893742,0.2941760450282204,12.594598784327538,1.1,0.04139268515822508
333.08513046155775,4.902002876262673,1.7588340822748063,4.309504307939033,8.258978700117227,0.939396420039466,84.35328979294582,1.466540859278603,6.669481497081307,14.462616319403056,27.0,1.4313637641589874
246.8545448640785,-1.1357188507309117,0.6934199552098398,10.046226206337694,11.040466467034516,0.09684183314841097,82.02714675373866,0.12307820165618115,0.6787683150944424,4.488245451687362,0.76,-0.11918640771920865
323.27867429401635,0.4864720459681473,4.379843409957107,4.778368882054923,5.750314919052254,0.15498293055323942,61.45373441028513,1.0743180127155614,1.3460379406684955,28.56026332141972,2.4,0.38021124171160603
270.251779912615,4.623967477147893,0.6415714518653678,0.7762077744234961,7.620366532272192,0.8608675629051261,8.402254125277445,0.6382827265284942,4.892253769896726,0.9935239784883763,80.0,1.9030899869919435
512.4771403016962,4.662678123976806,3.8407350042885224,4.891580078222256,0.4275224994653549,3.8805228756122876,15.2152561401468,0.9181269834165748,7.437504038649369,9.056554828473601,910.0,2.9590413923210934
406.83793336940164,3.208241779177036,4.607277504209578,5.917776892558896,7.5553994387207934,3.439322611202183,1.3310580986482705,1.0071333364731596,2.016869778157373,11.587856100698882,100000.0,5.0
217.60645130280005,0.5617810971016282,4.099624191571852,0.002731275829930512,4.6927800091887555,2.3726981450026594,11.007352688918061,1.0819848092499422,8.097457269309192,8.771793481420927,92000.0,4.963787827345556
303.4027411072232,2.222745203680105,0.3581865700323125,1.5832791243836923,4.157134534906869,2.20391263637799,0.7098095666086692,0.2841550979287972,7.168577171261626,28.419707813608085,100000.0,5.0
162.71405485189362,2.702959800704403,3.9564504987496205,0.1877396082414785,11.386602100475862,2.8436781518069587,8.283847725420898,0.7640297815728595,9.256809091257875,5.508674551724415,0.37,-0.431798275933005
359.64411375817525,0.7314283046211938,0.47193997442194324,2.976742841260138,2.5292765012193676,0.8004551888862057,33.043886036498066,0.37006111526895535,0.7423960805985397,21.86708414888677,500.0,2.6989700043360187
250.30679748820216,1.6348620512409178,1.9799155851040278,0.1400304400249436,4.866005181773069,3.34213935048598,62.933057392769406,0.21273977585766032,4.697242409691435,8.533116456373513,260.0,2.4149733479708178
340.80528468367555,3.1015951445473267,0.8895476156631895,3.3026147312085685,0.8961808936271334,1.092420888163984,50.358923345397095,2.0864776583710847,0.9629377438408804,48.18796559095863,0.78,-0.10790539730951958
263.99607312430174,0.5438458042893577,0.7466971194227964,1.2495128418662869,7.156410992498486,3.7736044677266634,86.56901262874962,0.5904220612514635,0.8528792216432766,20.08030976882535,11.0,1.0413926851582251
402.9457481598357,3.744630760056901,2.2860386241474573,3.280632747021938,0.3881316301951109,0.21862229404654618,53.65984955008472,0.15024298879825998,7.1502449826423895,13.744230602261819,11400.0,4.056904851336473
188.04538716168312,1.2129402880605422,0.3573894336209512,4.916859137188202,3.618568109693001,2.551605836241132,174.25949583394458,0.2647753109779796,7.652344427994089,12.724283496341563,100000.0,5.0
353.3359244705449,3.6789370090368094,2.436389423508512,4.2294732215129,5.233182000437867,0.9452601935823259,21.412697902196932,0.33260751032419755,5.598768434046416,11.659189488350894,3600.0,3.5563025007672873
406.51719657143866,4.905233490972359,1.8326418381468395,3.3476828151851197,0.8422503534320187,0.9228380045675892,23.77164931164745,1.3522026788671444,2.5444011691107074,15.591705723611092,20000.0,4.301029995663981
156.40904761314724,-0.6316316328550142,0.5620185005636126,8.530382504619345,6.075824457864431,0.47446153311696093,212.15464847973666,2.3079162506161106,1.0886944154851004,13.404944962030276,0.56,-0.25181197299379954
399.558151400203,5.4063452198360755,3.2760581148720336,7.145501861418746,3.7322088333262884,1.7482127495215931,74.84367952537986,1.0697714549838502,7.198185170191849,19.742157944533147,14.0,1.146128035678238
385.80141953021456,0.34360745406953086,4.036975728777276,0.5802549838375265,4.759054129312064,0.3661713963638318,27.107580690875537,0.15936223214590656,2.223496574404697,5.220706679102506,14.0,1.146128035678238
228.53193230095684,3.0425598100276288,0.6433570827530002,0.672239223867281,5.970890891120277,0.5445094864070015,58.85325232214274,0.17847666388538974,8.573146246881404,7.111981980631587,8700.0,3.9395192526186187
241.40723266822448,2.658213557420259,2.5056852688549673,1.7928984652005977,4.153501975595378,5.90676942724825,55.17190646540532,2.042076040143744,1.6641507717880555,14.6658153122443,5000.0,3.6989700043360187
332.20823107669855,1.9778159921027958,1.6260287445202597,3.2931196627108212,1.3545691386705263,0.052839755800971944,1.2316986360875006,1.3035079319347591,3.9882164719986593,6.706187439490471,35.0,1.5440680443502757
400.18248536819374,1.0048583232295858,1.564006985022074,3.0388124699211483,10.626411318528547,1.4146271412546172,41.557243916917514,1.2284438312657626,12.4535280544712,13.708954608136604,9900.0,3.99563519459755
284.9679539728128,1.346607573627272,2.0851553893411525,4.68893501374656,2.786219181279445,1.6516557951254631,65.81791607680724,0.8852486861242225,1.086376456626494,34.54917055974096,10000.0,4.0
358.61658003927835,1.1751723635670392,0.5143979407118547,0.9626606981208521,0.04728110816836891,0.9768331564455108,41.78323970573044,0.21209335307417523,5.960152197491704,0.23818240484967568,4500.0,3.6532125137753435
161.1457446168789,-1.2005422090074198,2.4345653844409587,0.6378500272165167,5.356725092951304,1.5408433926932887,51.735687437628094,1.9685042134380537,3.9298535053301387,27.16197968387565,480.0,2.681241237375587
200.61373251651466,2.840383085789983,1.712996474818398,0.3906815069933416,7.586990441729794,5.37931935760373,30.859140519351566,0.12372894627483615,2.386078161687624,2.760458373338391,30.0,1.4771212547196624
260.0100937868863,2.538589505161468,0.08978606024507396,0.7300041223968536,4.020691202725398,3.5151537441484786,8.808666827739032,0.4875602970867186,7.091346557759769,22.21362139123343,50000.0,4.698970004336019
279.747577293517,0.9434059066740417,2.072175302092512,5.691899701046692,5.820745562277862,1.192673296475164,111.88268787559991,0.37976763604089603,5.808274551061472,10.345384419226445,700.0,2.845098040014257
238.56768559037056,0.5804220155329298,1.9577791171135583,5.4869725170540224,9.65268513440624,2.4846890705538685,104.5430835301849,0.4629395120252583,0.8996443144746562,6.497277217870678,2200.0,3.342422680822206
247.5337592933197,2.9873096952863016,2.5921261235627924,4.428627267209807,2.193035621911595,0.453897660697567,19.789460109624258,0.5913492417584003,4.343941990455654,12.06914473234464,50000.0,4.698970004336019
254.80506280881224,0.4213229885606513,0.014089970961109399,0.8624383142720895,2.2311472936719934,2.185384865041028,65.97623353914777,1.653617268492285,0.8393233970347642,29.941773223666935,2000.0,3.3010299956639813
160.97780748465374,2.315522878587539,2.194736637942133,5.907699710127606,4.436228444754217,3.575698003240719,97.50079143348228,0.24300472205439969,9.196203359339584,12.055790229180948,18000.0,4.2552725051033065
