activity_id,assay_chembl_id,target_chembl_id,molecule_chembl_id,standard_type,standard_value,standard_units,standard_relation,pchembl_value,extraction_date,ic50_nM,log_ic50_nM
32260,CHEMBL674637,CHEMBL203,CHEMBL68920,IC50,41.0,nM,=,7.39,2026-03-21 13:33:18.447979,41.0,1.6127838567197355
32263,CHEMBL621151,CHEMBL203,CHEMBL68920,IC50,300.0,nM,=,6.52,2026-03-21 13:33:18.447979,300.0,2.4771212547196626
32265,CHEMBL615325,CHEMBL203,CHEMBL68920,IC50,7820.0,nM,=,5.11,2026-03-21 13:33:18.447979,7820.0,3.893206753059848
32267,CHEMBL674637,CHEMBL203,CHEMBL69960,IC50,170.0,nM,=,6.77,2026-03-21 13:33:18.447979,170.0,2.230448921378274
32270,CHEMBL621151,CHEMBL203,CHEMBL69960,IC50,40.0,nM,=,7.4,2026-03-21 13:33:18.447979,40.0,1.6020599913279623
32272,CHEMBL615325,CHEMBL203,CHEMBL69960,IC50,440.0,nM,=,6.36,2026-03-21 13:33:18.447979,440.0,2.6434526764861874
32680,CHEMBL677833,CHEMBL203,CHEMBL137635,IC50,9300.0,nM,=,5.03,2026-03-21 13:33:18.447979,9300.0,3.9684829485539352
32770,CHEMBL674643,CHEMBL203,CHEMBL306988,IC50,500000.0,nM,=,,2026-03-21 13:33:18.447979,500000.0,5.698970004336019
32772,CHEMBL674643,CHEMBL203,CHEMBL66879,IC50,3000000.0,nM,=,,2026-03-21 13:33:18.447979,3000000.0,6.477121254719663
32780,CHEMBL674643,CHEMBL203,CHEMBL77085,IC50,96000.0,nM,=,4.02,2026-03-21 13:33:18.447979,96000.0,4.982271233039568
33406,CHEMBL674637,CHEMBL203,CHEMBL443268,IC50,5310.0,nM,=,5.28,2026-03-21 13:33:18.447979,5310.0,3.725094521081469
34039,CHEMBL674643,CHEMBL203,CHEMBL76979,IC50,264000.0,nM,=,,2026-03-21 13:33:18.447979,264000.0,5.421603926869831
34041,CHEMBL674643,CHEMBL203,CHEMBL76589,IC50,125.0,nM,=,6.9,2026-03-21 13:33:18.447979,125.0,2.0969100130080562
34045,CHEMBL674643,CHEMBL203,CHEMBL77724,IC50,1250000.0,nM,>,,2026-03-21 13:33:18.447979,1250000.0,6.096910013008056
34047,CHEMBL674643,CHEMBL203,CHEMBL420385,IC50,625000.0,nM,>,,2026-03-21 13:33:18.447979,625000.0,5.795880017344075
34049,CHEMBL674643,CHEMBL203,CHEMBL76904,IC50,35000.0,nM,=,4.46,2026-03-21 13:33:18.447979,35000.0,4.544068044350276
34051,CHEMBL674643,CHEMBL203,CHEMBL1009,IC50,900000.0,nM,=,,2026-03-21 13:33:18.447979,900000.0,5.954242509439325
34669,CHEMBL674637,CHEMBL203,CHEMBL304271,IC50,0.45,nM,=,9.35,2026-03-21 13:33:18.447979,0.45,-0.3467874862246563
35294,CHEMBL674643,CHEMBL203,CHEMBL296407,IC50,10000.0,nM,=,5.0,2026-03-21 13:33:18.447979,10000.0,4.0
35296,CHEMBL674643,CHEMBL203,CHEMBL309625,IC50,60000.0,nM,=,4.22,2026-03-21 13:33:18.447979,60000.0,4.778151250383644
35297,CHEMBL674643,CHEMBL203,CHEMBL77825,IC50,600000.0,nM,=,,2026-03-21 13:33:18.447979,600000.0,5.778151250383644
35301,CHEMBL674643,CHEMBL203,CHEMBL421877,IC50,850000.0,nM,=,,2026-03-21 13:33:18.447979,850000.0,5.929418925714293
36518,CHEMBL674643,CHEMBL203,CHEMBL310798,IC50,3000.0,nM,=,5.52,2026-03-21 13:33:18.447979,3000.0,3.4771212547196626
37510,CHEMBL677833,CHEMBL203,CHEMBL135592,IC50,8000.0,nM,=,5.1,2026-03-21 13:33:18.447979,8000.0,3.9030899869919438
40025,CHEMBL674643,CHEMBL203,CHEMBL309866,IC50,1300000.0,nM,=,,2026-03-21 13:33:18.447979,1300000.0,6.113943352306837
40026,CHEMBL674643,CHEMBL203,CHEMBL77381,IC50,1360000.0,nM,=,,2026-03-21 13:33:18.447979,1360000.0,6.133538908370218
41220,CHEMBL674643,CHEMBL203,CHEMBL76602,IC50,165000.0,nM,=,,2026-03-21 13:33:18.447979,165000.0,5.217483944213907
41222,CHEMBL674643,CHEMBL203,CHEMBL77737,IC50,250000.0,nM,=,,2026-03-21 13:33:18.447979,250000.0,5.3979400086720375
41224,CHEMBL674643,CHEMBL203,CHEMBL76983,IC50,1250000.0,nM,>,,2026-03-21 13:33:18.447979,1250000.0,6.096910013008056
41226,CHEMBL674643,CHEMBL203,CHEMBL308134,IC50,125000.0,nM,=,,2026-03-21 13:33:18.447979,125000.0,5.096910013008056
42300,CHEMBL677833,CHEMBL203,CHEMBL136491,IC50,14.0,nM,=,7.85,2026-03-21 13:33:18.447979,14.0,1.146128035678238
42432,CHEMBL674643,CHEMBL203,CHEMBL77280,IC50,1250000.0,nM,>,,2026-03-21 13:33:18.447979,1250000.0,6.096910013008056
43662,CHEMBL674643,CHEMBL203,CHEMBL76557,IC50,625000.0,nM,=,,2026-03-21 13:33:18.447979,625000.0,5.795880017344075
44685,CHEMBL677833,CHEMBL203,CHEMBL336113,IC50,1000.0,nM,=,6.0,2026-03-21 13:33:18.447979,1000.0,3.0
44690,CHEMBL677833,CHEMBL203,CHEMBL133024,IC50,100.0,nM,=,7.0,2026-03-21 13:33:18.447979,100.0,2.0
44695,CHEMBL677833,CHEMBL203,CHEMBL344652,IC50,13350.0,nM,=,4.88,2026-03-21 13:33:18.447979,13350.0,4.125481265700594
44885,CHEMBL674643,CHEMBL203,CHEMBL77814,IC50,350000.0,nM,=,,2026-03-21 13:33:18.447979,350000.0,5.544068044350276
44886,CHEMBL674643,CHEMBL203,CHEMBL47986,IC50,14000.0,nM,=,4.85,2026-03-21 13:33:18.447979,14000.0,4.146128035678238
45867,CHEMBL677833,CHEMBL203,CHEMBL138125,IC50,238.0,nM,=,6.62,2026-03-21 13:33:18.447979,238.0,2.376576957056512
45872,CHEMBL677833,CHEMBL203,CHEMBL137364,IC50,64.0,nM,=,7.19,2026-03-21 13:33:18.447979,64.0,1.806179973983887
45958,CHEMBL674643,CHEMBL203,CHEMBL308339,IC50,1400000.0,nM,=,,2026-03-21 13:33:18.447979,1400000.0,6.146128035678238
45961,CHEMBL674643,CHEMBL203,CHEMBL78174,IC50,430000.0,nM,=,,2026-03-21 13:33:18.447979,430000.0,5.633468455579586
46694,CHEMBL674637,CHEMBL203,CHEMBL302552,IC50,22.0,nM,=,7.66,2026-03-21 13:33:18.447979,22.0,1.3424226808222062
47278,CHEMBL674643,CHEMBL203,CHEMBL309598,IC50,13500.0,nM,=,4.87,2026-03-21 13:33:18.447979,13500.0,4.1303337684950066
47286,CHEMBL674643,CHEMBL203,CHEMBL78302,IC50,250000.0,nM,>,,2026-03-21 13:33:18.447979,250000.0,5.3979400086720375
47933,CHEMBL674637,CHEMBL203,CHEMBL67057,IC50,4.5,nM,=,8.35,2026-03-21 13:33:18.447979,4.5,0.6532125137753437
47936,CHEMBL621151,CHEMBL203,CHEMBL67057,IC50,100.0,nM,=,7.0,2026-03-21 13:33:18.447979,100.0,2.0
48459,CHEMBL677833,CHEMBL203,CHEMBL332096,IC50,508.0,nM,=,6.29,2026-03-21 13:33:18.447979,508.0,2.7058637122839193
48552,CHEMBL674643,CHEMBL203,CHEMBL77387,IC50,450000.0,nM,=,,2026-03-21 13:33:18.447979,450000.0,5.653212513775344
49320,CHEMBL674637,CHEMBL203,CHEMBL432903,IC50,200.0,nM,=,6.7,2026-03-21 13:33:18.447979,200.0,2.3010299956639813
49323,CHEMBL674637,CHEMBL203,CHEMBL69964,IC50,210.0,nM,=,6.68,2026-03-21 13:33:18.447979,210.0,2.322219294733919
49326,CHEMBL674637,CHEMBL203,CHEMBL65848,IC50,1410.0,nM,=,5.85,2026-03-21 13:33:18.447979,1410.0,3.1492191126553797
49329,CHEMBL621151,CHEMBL203,CHEMBL65848,IC50,5000.0,nM,=,5.3,2026-03-21 13:33:18.447979,5000.0,3.6989700043360187
49331,CHEMBL615325,CHEMBL203,CHEMBL65848,IC50,4320.0,nM,=,5.37,2026-03-21 13:33:18.447979,4320.0,3.635483746814912
49986,CHEMBL674643,CHEMBL203,CHEMBL78184,IC50,833000.0,nM,=,,2026-03-21 13:33:18.447979,833000.0,5.920645001406788
49988,CHEMBL674643,CHEMBL203,CHEMBL76985,IC50,47000.0,nM,=,4.33,2026-03-21 13:33:18.447979,47000.0,4.672097857935717
49992,CHEMBL674643,CHEMBL203,CHEMBL145,IC50,1200000.0,nM,=,,2026-03-21 13:33:18.447979,1200000.0,6.079181246047625
50668,CHEMBL674637,CHEMBL203,CHEMBL69629,IC50,6.5,nM,=,8.19,2026-03-21 13:33:18.447979,6.5,0.8129133566428556
50671,CHEMBL621151,CHEMBL203,CHEMBL69629,IC50,40.0,nM,=,7.4,2026-03-21 13:33:18.447979,40.0,1.6020599913279623
50673,CHEMBL615325,CHEMBL203,CHEMBL69629,IC50,2050.0,nM,=,5.69,2026-03-21 13:33:18.447979,2050.0,3.311753861055754
51141,CHEMBL677833,CHEMBL203,CHEMBL136492,IC50,8400.0,nM,=,5.08,2026-03-21 13:33:18.447979,8400.0,3.9242792860618816
51244,CHEMBL674643,CHEMBL203,CHEMBL77197,IC50,1100000.0,nM,=,,2026-03-21 13:33:18.447979,1100000.0,6.041392685158225
51249,CHEMBL674643,CHEMBL203,CHEMBL305695,IC50,560000.0,nM,=,,2026-03-21 13:33:18.447979,560000.0,5.748188027006201
51818,CHEMBL674637,CHEMBL203,CHEMBL68258,IC50,20000.0,nM,>,,2026-03-21 13:33:18.447979,20000.0,4.301029995663981
52474,CHEMBL674643,CHEMBL203,CHEMBL76587,IC50,6500000.0,nM,=,,2026-03-21 13:33:18.447979,6500000.0,6.812913356642856
52480,CHEMBL674643,CHEMBL203,CHEMBL77456,IC50,1250000.0,nM,>,,2026-03-21 13:33:18.447979,1250000.0,6.096910013008056
53212,CHEMBL674637,CHEMBL203,CHEMBL66570,IC50,13.0,nM,=,7.89,2026-03-21 13:33:18.447979,13.0,1.1139433523068367
53215,CHEMBL621151,CHEMBL203,CHEMBL66570,IC50,200.0,nM,=,6.7,2026-03-21 13:33:18.447979,200.0,2.3010299956639813
53217,CHEMBL615325,CHEMBL203,CHEMBL66570,IC50,7500.0,nM,=,5.12,2026-03-21 13:33:18.447979,7500.0,3.8750612633917
53758,CHEMBL674643,CHEMBL203,CHEMBL308048,IC50,800000.0,nM,=,,2026-03-21 13:33:18.447979,800000.0,5.903089986991944
53761,CHEMBL674643,CHEMBL203,CHEMBL311119,IC50,60000.0,nM,=,4.22,2026-03-21 13:33:18.447979,60000.0,4.778151250383644
53763,CHEMBL674643,CHEMBL203,CHEMBL76905,IC50,37000.0,nM,=,4.43,2026-03-21 13:33:18.447979,37000.0,4.568201724066995
53765,CHEMBL674643,CHEMBL203,CHEMBL77524,IC50,833000.0,nM,=,,2026-03-21 13:33:18.447979,833000.0,5.920645001406788
54402,CHEMBL674637,CHEMBL203,CHEMBL305194,IC50,29.0,nM,=,7.54,2026-03-21 13:33:18.447979,29.0,1.462397997898956
54405,CHEMBL621151,CHEMBL203,CHEMBL305194,IC50,5000.0,nM,>,,2026-03-21 13:33:18.447979,5000.0,3.6989700043360187
54407,CHEMBL615325,CHEMBL203,CHEMBL305194,IC50,50000.0,nM,>,,2026-03-21 13:33:18.447979,50000.0,4.698970004336019
54979,CHEMBL674643,CHEMBL203,CHEMBL307250,IC50,325000.0,nM,=,,2026-03-21 13:33:18.447979,325000.0,5.511883360978874
54990,CHEMBL674643,CHEMBL203,CHEMBL80155,IC50,6000.0,nM,=,5.22,2026-03-21 13:33:18.447979,6000.0,3.7781512503836434
56107,CHEMBL677833,CHEMBL203,CHEMBL343352,IC50,200.0,nM,=,6.7,2026-03-21 13:33:18.447979,200.0,2.3010299956639813
57335,CHEMBL677833,CHEMBL203,CHEMBL52765,IC50,44.0,nM,=,7.36,2026-03-21 13:33:18.447979,44.0,1.6434526764861874
57444,CHEMBL674643,CHEMBL203,CHEMBL311564,IC50,450000.0,nM,=,,2026-03-21 13:33:18.447979,450000.0,5.653212513775344
57445,CHEMBL674643,CHEMBL203,CHEMBL76642,IC50,75000.0,nM,=,4.12,2026-03-21 13:33:18.447979,75000.0,4.8750612633917
58119,CHEMBL674637,CHEMBL203,CHEMBL308645,IC50,4.7,nM,=,8.33,2026-03-21 13:33:18.447979,4.7,0.6720978579357175
58122,CHEMBL674637,CHEMBL203,CHEMBL67003,IC50,1.8,nM,=,8.74,2026-03-21 13:33:18.447979,1.8,0.25527250510330607
58125,CHEMBL621151,CHEMBL203,CHEMBL67003,IC50,100.0,nM,=,7.0,2026-03-21 13:33:18.447979,100.0,2.0
58604,CHEMBL674643,CHEMBL203,CHEMBL307248,IC50,640000.0,nM,=,,2026-03-21 13:33:18.447979,640000.0,5.8061799739838875
60010,CHEMBL674643,CHEMBL203,CHEMBL310958,IC50,225000.0,nM,=,,2026-03-21 13:33:18.447979,225000.0,5.352182518111363
60019,CHEMBL674643,CHEMBL203,CHEMBL78005,IC50,350000.0,nM,=,,2026-03-21 13:33:18.447979,350000.0,5.544068044350276
61241,CHEMBL677833,CHEMBL203,CHEMBL134312,IC50,11.0,nM,=,7.96,2026-03-21 13:33:18.447979,11.0,1.0413926851582251
61373,CHEMBL674643,CHEMBL203,CHEMBL77243,IC50,55000.0,nM,=,4.26,2026-03-21 13:33:18.447979,55000.0,4.740362689494244
61374,CHEMBL674643,CHEMBL203,CHEMBL80745,IC50,1200.0,nM,=,5.92,2026-03-21 13:33:18.447979,1200.0,3.0791812460476247
61378,CHEMBL674643,CHEMBL203,CHEMBL77778,IC50,450000.0,nM,=,,2026-03-21 13:33:18.447979,450000.0,5.653212513775344
62047,CHEMBL674637,CHEMBL203,CHEMBL305246,IC50,2.8,nM,=,8.55,2026-03-21 13:33:18.447979,2.8,0.4471580313422192
62050,CHEMBL621151,CHEMBL203,CHEMBL305246,IC50,100.0,nM,=,7.0,2026-03-21 13:33:18.447979,100.0,2.0
62052,CHEMBL615325,CHEMBL203,CHEMBL305246,IC50,750.0,nM,=,6.12,2026-03-21 13:33:18.447979,750.0,2.8750612633917
62054,CHEMBL674637,CHEMBL203,CHEMBL69966,IC50,18.0,nM,=,7.75,2026-03-21 13:33:18.447979,18.0,1.255272505103306
62057,CHEMBL621151,CHEMBL203,CHEMBL69966,IC50,40.0,nM,=,7.4,2026-03-21 13:33:18.447979,40.0,1.6020599913279623
62059,CHEMBL615325,CHEMBL203,CHEMBL69966,IC50,620.0,nM,=,6.21,2026-03-21 13:33:18.447979,620.0,2.792391689498254
62149,CHEMBL679674,CHEMBL203,CHEMBL47940,IC50,3200.0,nM,=,5.5,2026-03-21 13:33:18.447979,3200.0,3.505149978319906
62715,CHEMBL674643,CHEMBL203,CHEMBL57712,IC50,1300000.0,nM,=,,2026-03-21 13:33:18.447979,1300000.0,6.113943352306837
62720,CHEMBL674643,CHEMBL203,CHEMBL77869,IC50,200000.0,nM,=,,2026-03-21 13:33:18.447979,200000.0,5.301029995663981
63367,CHEMBL674637,CHEMBL203,CHEMBL69358,IC50,1.2,nM,=,8.92,2026-03-21 13:33:18.447979,1.2,0.07918124604762482
63370,CHEMBL621151,CHEMBL203,CHEMBL69358,IC50,200.0,nM,=,6.7,2026-03-21 13:33:18.447979,200.0,2.3010299956639813
63372,CHEMBL615325,CHEMBL203,CHEMBL69358,IC50,1290.0,nM,=,5.89,2026-03-21 13:33:18.447979,1290.0,3.110589710299249
63847,CHEMBL677833,CHEMBL203,CHEMBL137189,IC50,200.0,nM,=,6.7,2026-03-21 13:33:18.447979,200.0,2.3010299956639813
63852,CHEMBL677833,CHEMBL203,CHEMBL137617,IC50,39.0,nM,=,7.41,2026-03-21 13:33:18.447979,39.0,1.591064607026499
63857,CHEMBL677833,CHEMBL203,CHEMBL137027,IC50,482.0,nM,=,6.32,2026-03-21 13:33:18.447979,482.0,2.6830470382388496
64040,CHEMBL674643,CHEMBL203,CHEMBL78257,IC50,800.0,nM,=,6.1,2026-03-21 13:33:18.447979,800.0,2.9030899869919438
64049,CHEMBL674643,CHEMBL203,CHEMBL76082,IC50,560000.0,nM,=,,2026-03-21 13:33:18.447979,560000.0,5.748188027006201
64050,CHEMBL674643,CHEMBL203,CHEMBL77595,IC50,850000.0,nM,=,,2026-03-21 13:33:18.447979,850000.0,5.929418925714293
65265,CHEMBL674643,CHEMBL203,CHEMBL309334,IC50,2500.0,nM,=,5.6,2026-03-21 13:33:18.447979,2500.0,3.3979400086720375
65267,CHEMBL674643,CHEMBL203,CHEMBL310514,IC50,260000.0,nM,=,,2026-03-21 13:33:18.447979,260000.0,5.414973347970818
66030,CHEMBL674637,CHEMBL203,CHEMBL304971,IC50,410.0,nM,=,6.39,2026-03-21 13:33:18.447979,410.0,2.6127838567197355
66033,CHEMBL674637,CHEMBL203,CHEMBL69071,IC50,5.9,nM,=,8.23,2026-03-21 13:33:18.447979,5.9,0.7708520116421442
66037,CHEMBL615325,CHEMBL203,CHEMBL69071,IC50,2580.0,nM,=,5.59,2026-03-21 13:33:18.447979,2580.0,3.41161970596323
66490,CHEMBL677833,CHEMBL203,CHEMBL137534,IC50,38.0,nM,=,7.42,2026-03-21 13:33:18.447979,38.0,1.5797835966168101
66495,CHEMBL677833,CHEMBL203,CHEMBL137788,IC50,335.0,nM,=,6.47,2026-03-21 13:33:18.447979,335.0,2.525044807036845
67211,CHEMBL674637,CHEMBL203,CHEMBL69709,IC50,20000.0,nM,>,,2026-03-21 13:33:18.447979,20000.0,4.301029995663981
67606,CHEMBL677833,CHEMBL203,CHEMBL424093,IC50,25.0,nM,=,7.6,2026-03-21 13:33:18.447979,25.0,1.3979400086720377
67808,CHEMBL674643,CHEMBL203,CHEMBL77030,IC50,2400.0,nM,=,5.62,2026-03-21 13:33:18.447979,2400.0,3.380211241711606
67822,CHEMBL674643,CHEMBL203,CHEMBL78150,IC50,460000.0,nM,=,,2026-03-21 13:33:18.447979,460000.0,5.662757831681574
68467,CHEMBL674637,CHEMBL203,CHEMBL69106,IC50,20000.0,nM,>,,2026-03-21 13:33:18.447979,20000.0,4.301029995663981
68470,CHEMBL674637,CHEMBL203,CHEMBL264382,IC50,1.1,nM,=,8.96,2026-03-21 13:33:18.447979,1.1,0.04139268515822508
68473,CHEMBL621151,CHEMBL203,CHEMBL264382,IC50,200.0,nM,=,6.7,2026-03-21 13:33:18.447979,200.0,2.3010299956639813
68475,CHEMBL615325,CHEMBL203,CHEMBL264382,IC50,1950.0,nM,=,5.71,2026-03-21 13:33:18.447979,1950.0,3.290034611362518
69112,CHEMBL674643,CHEMBL203,CHEMBL308133,IC50,1500000.0,nM,=,,2026-03-21 13:33:18.447979,1500000.0,6.176091259055681
69116,CHEMBL674643,CHEMBL203,CHEMBL307179,IC50,160000.0,nM,=,,2026-03-21 13:33:18.447979,160000.0,5.204119982655925
69854,CHEMBL674637,CHEMBL203,CHEMBL305782,IC50,180.0,nM,=,6.75,2026-03-21 13:33:18.447979,180.0,2.255272505103306
69857,CHEMBL674637,CHEMBL203,CHEMBL308672,IC50,450.0,nM,=,6.35,2026-03-21 13:33:18.447979,450.0,2.6532125137753435
69860,CHEMBL621151,CHEMBL203,CHEMBL308672,IC50,500.0,nM,=,6.3,2026-03-21 13:33:18.447979,500.0,2.6989700043360187
70342,CHEMBL677833,CHEMBL203,CHEMBL133023,IC50,24.0,nM,=,7.62,2026-03-21 13:33:18.447979,24.0,1.380211241711606
70559,CHEMBL674643,CHEMBL203,CHEMBL310400,IC50,375000.0,nM,=,,2026-03-21 13:33:18.447979,375000.0,5.574031267727719
71575,CHEMBL677833,CHEMBL203,CHEMBL136674,IC50,71.0,nM,=,7.15,2026-03-21 13:33:18.447979,71.0,1.8512583487190752
71725,CHEMBL674643,CHEMBL203,CHEMBL73820,IC50,25000.0,nM,=,4.6,2026-03-21 13:33:18.447979,25000.0,4.3979400086720375
71727,CHEMBL674643,CHEMBL203,CHEMBL79064,IC50,230000.0,nM,=,,2026-03-21 13:33:18.447979,230000.0,5.361727836017593
71728,CHEMBL674643,CHEMBL203,CHEMBL77803,IC50,500.0,nM,=,6.3,2026-03-21 13:33:18.447979,500.0,2.6989700043360187
71729,CHEMBL674643,CHEMBL203,CHEMBL75718,IC50,2400000.0,nM,=,,2026-03-21 13:33:18.447979,2400000.0,6.380211241711606
71733,CHEMBL674643,CHEMBL203,CHEMBL77298,IC50,153000.0,nM,=,,2026-03-21 13:33:18.447979,153000.0,5.184691430817598
78012,CHEMBL679949,CHEMBL203,CHEMBL432941,IC50,8880.0,nM,=,5.05,2026-03-21 13:33:18.447979,8880.0,3.948412965778601
79181,CHEMBL679949,CHEMBL203,CHEMBL420609,IC50,100000.0,nM,>,,2026-03-21 13:33:18.447979,100000.0,5.0
80323,CHEMBL679949,CHEMBL203,CHEMBL419682,IC50,100000.0,nM,>,,2026-03-21 13:33:18.447979,100000.0,5.0
81208,CHEMBL674698,CHEMBL203,CHEMBL322395,IC50,3000.0,nM,=,5.52,2026-03-21 13:33:18.447979,3000.0,3.4771212547196626
83552,CHEMBL679949,CHEMBL203,CHEMBL88462,IC50,100000.0,nM,>,,2026-03-21 13:33:18.447979,100000.0,5.0
84549,CHEMBL679949,CHEMBL203,CHEMBL431996,IC50,56500.0,nM,=,4.25,2026-03-21 13:33:18.447979,56500.0,4.752048447819439
85635,CHEMBL679949,CHEMBL203,CHEMBL91250,IC50,100000.0,nM,>,,2026-03-21 13:33:18.447979,100000.0,5.0
85644,CHEMBL679949,CHEMBL203,CHEMBL88771,IC50,100000.0,nM,>,,2026-03-21 13:33:18.447979,100000.0,5.0
87623,CHEMBL679949,CHEMBL203,CHEMBL91815,IC50,100000.0,nM,>,,2026-03-21 13:33:18.447979,100000.0,5.0
88634,CHEMBL679949,CHEMBL203,CHEMBL328029,IC50,100000.0,nM,>,,2026-03-21 13:33:18.447979,100000.0,5.0
88643,CHEMBL679949,CHEMBL203,CHEMBL314995,IC50,100000.0,nM,>,,2026-03-21 13:33:18.447979,100000.0,5.0
91573,CHEMBL679949,CHEMBL203,CHEMBL88483,IC50,100000.0,nM,>,,2026-03-21 13:33:18.447979,100000.0,5.0
91582,CHEMBL679949,CHEMBL203,CHEMBL313746,IC50,100000.0,nM,>,,2026-03-21 13:33:18.447979,100000.0,5.0
91591,CHEMBL679949,CHEMBL203,CHEMBL89363,IC50,100000.0,nM,>,,2026-03-21 13:33:18.447979,100000.0,5.0
92603,CHEMBL679949,CHEMBL203,CHEMBL276711,IC50,100000.0,nM,>,,2026-03-21 13:33:18.447979,100000.0,5.0
96622,CHEMBL679949,CHEMBL203,CHEMBL313500,IC50,100000.0,nM,>,,2026-03-21 13:33:18.447979,100000.0,5.0
98658,CHEMBL679949,CHEMBL203,CHEMBL89010,IC50,100000.0,nM,>,,2026-03-21 13:33:18.447979,100000.0,5.0
98667,CHEMBL679949,CHEMBL203,CHEMBL86531,IC50,29100.0,nM,=,4.54,2026-03-21 13:33:18.447979,29100.0,4.463892988985907
99530,CHEMBL679949,CHEMBL203,CHEMBL315753,IC50,100000.0,nM,>,,2026-03-21 13:33:18.447979,100000.0,5.0
104507,CHEMBL679949,CHEMBL203,CHEMBL88606,IC50,100000.0,nM,>,,2026-03-21 13:33:18.447979,100000.0,5.0
104516,CHEMBL679949,CHEMBL203,CHEMBL313821,IC50,100000.0,nM,>,,2026-03-21 13:33:18.447979,100000.0,5.0
105574,CHEMBL679549,CHEMBL203,CHEMBL266969,IC50,50000.0,nM,>,,2026-03-21 13:33:18.447979,50000.0,4.698970004336019
105738,CHEMBL673925,CHEMBL203,CHEMBL138691,IC50,4.2,nM,=,8.38,2026-03-21 13:33:18.447979,4.2,0.6232492903979004
105739,CHEMBL677216,CHEMBL203,CHEMBL138691,IC50,2282.0,nM,=,5.64,2026-03-21 13:33:18.447979,2282.0,3.358315640082196
106119,CHEMBL679947,CHEMBL203,CHEMBL52829,IC50,4.0,nM,=,8.4,2026-03-21 13:33:18.447979,4.0,0.6020599913279624
106120,CHEMBL679947,CHEMBL203,CHEMBL52823,IC50,380.0,nM,=,6.42,2026-03-21 13:33:18.447979,380.0,2.57978359661681
106688,CHEMBL679549,CHEMBL203,CHEMBL8000,IC50,100000.0,nM,>,,2026-03-21 13:33:18.447979,100000.0,5.0
106691,CHEMBL621149,CHEMBL203,CHEMBL8000,IC50,50000.0,nM,>,,2026-03-21 13:33:18.447979,50000.0,4.698970004336019
106877,CHEMBL673925,CHEMBL203,CHEMBL139307,IC50,3.3,nM,=,8.48,2026-03-21 13:33:18.447979,3.3,0.5185139398778874
106878,CHEMBL677216,CHEMBL203,CHEMBL139307,IC50,194.0,nM,=,6.71,2026-03-21 13:33:18.447979,194.0,2.287801729930226
107298,CHEMBL680019,CHEMBL203,CHEMBL322298,IC50,200.0,nM,=,6.7,2026-03-21 13:33:18.447979,200.0,2.3010299956639813
107302,CHEMBL680019,CHEMBL203,CHEMBL111434,IC50,670.0,nM,=,6.17,2026-03-21 13:33:18.447979,670.0,2.8260748027008264
107306,CHEMBL680019,CHEMBL203,CHEMBL111197,IC50,30.0,nM,=,7.52,2026-03-21 13:33:18.447979,30.0,1.4771212547196624
107803,CHEMBL677391,CHEMBL203,CHEMBL291667,IC50,100000.0,nM,>,,2026-03-21 13:33:18.447979,100000.0,5.0
107904,CHEMBL679549,CHEMBL203,CHEMBL8091,IC50,100000.0,nM,>,,2026-03-21 13:33:18.447979,100000.0,5.0
107990,CHEMBL673925,CHEMBL203,CHEMBL136058,IC50,0.81,nM,=,9.09,2026-03-21 13:33:18.447979,0.81,-0.09151498112135022
107991,CHEMBL677216,CHEMBL203,CHEMBL136058,IC50,8.8,nM,=,8.06,2026-03-21 13:33:18.447979,8.8,0.9444826721501687
107993,CHEMBL677213,CHEMBL203,CHEMBL136058,IC50,8.8,nM,=,8.06,2026-03-21 13:33:18.447979,8.8,0.9444826721501687
108287,CHEMBL680019,CHEMBL203,CHEMBL113128,IC50,50000.0,nM,>,,2026-03-21 13:33:18.447979,50000.0,4.698970004336019
108323,CHEMBL679947,CHEMBL203,CHEMBL51854,IC50,3.8,nM,=,8.42,2026-03-21 13:33:18.447979,3.8,0.5797835966168101
108863,CHEMBL683041,CHEMBL203,CHEMBL939,IC50,515.0,nM,=,6.29,2026-03-21 13:33:18.447979,515.0,2.711807229041191
108868,CHEMBL683041,CHEMBL203,CHEMBL95320,IC50,850.0,nM,=,6.07,2026-03-21 13:33:18.447979,850.0,2.929418925714293
109085,CHEMBL679549,CHEMBL203,CHEMBL8271,IC50,100000.0,nM,>,,2026-03-21 13:33:18.447979,100000.0,5.0
109692,CHEMBL679947,CHEMBL203,CHEMBL298931,IC50,17.0,nM,=,7.77,2026-03-21 13:33:18.447979,17.0,1.2304489213782739
110218,CHEMBL677391,CHEMBL203,CHEMBL292323,IC50,6500.0,nM,=,5.19,2026-03-21 13:33:18.447979,6500.0,3.8129133566428557
110240,CHEMBL676146,CHEMBL203,CHEMBL334334,IC50,9000.0,nM,=,5.05,2026-03-21 13:33:18.447979,9000.0,3.9542425094393248
110242,CHEMBL676146,CHEMBL203,CHEMBL316764,IC50,100000.0,nM,>,,2026-03-21 13:33:18.447979,100000.0,5.0
110479,CHEMBL673925,CHEMBL203,CHEMBL545315,IC50,1.5,nM,=,8.82,2026-03-21 13:33:18.447979,1.5,0.17609125905568124
110480,CHEMBL677216,CHEMBL203,CHEMBL545315,IC50,7.4,nM,=,8.13,2026-03-21 13:33:18.447979,7.4,0.8692317197309762
110482,CHEMBL677213,CHEMBL203,CHEMBL545315,IC50,7.4,nM,=,8.13,2026-03-21 13:33:18.447979,7.4,0.8692317197309762
111014,CHEMBL680019,CHEMBL203,CHEMBL111365,IC50,1300.0,nM,=,5.89,2026-03-21 13:33:18.447979,1300.0,3.113943352306837
111131,CHEMBL679947,CHEMBL203,CHEMBL52591,IC50,4.3,nM,=,8.37,2026-03-21 13:33:18.447979,4.3,0.6334684555795865
111701,CHEMBL677391,CHEMBL203,CHEMBL64459,IC50,100000.0,nM,>,,2026-03-21 13:33:18.447979,100000.0,5.0
111719,CHEMBL676146,CHEMBL203,CHEMBL129989,IC50,100000.0,nM,>,,2026-03-21 13:33:18.447979,100000.0,5.0
111721,CHEMBL676146,CHEMBL203,CHEMBL132907,IC50,20000.0,nM,=,4.7,2026-03-21 13:33:18.447979,20000.0,4.301029995663981
111730,CHEMBL679549,CHEMBL203,CHEMBL268368,IC50,100000.0,nM,>,,2026-03-21 13:33:18.447979,100000.0,5.0
111935,CHEMBL673925,CHEMBL203,CHEMBL422292,IC50,1.5,nM,=,8.82,2026-03-21 13:33:18.447979,1.5,0.17609125905568124
111936,CHEMBL677216,CHEMBL203,CHEMBL422292,IC50,51.0,nM,=,7.29,2026-03-21 13:33:18.447979,51.0,1.7075701760979363
112448,CHEMBL680019,CHEMBL203,CHEMBL110034,IC50,5000.0,nM,>,,2026-03-21 13:33:18.447979,5000.0,3.6989700043360187
112452,CHEMBL680019,CHEMBL203,CHEMBL113023,IC50,250.0,nM,=,6.6,2026-03-21 13:33:18.447979,250.0,2.3979400086720375
112518,CHEMBL679947,CHEMBL203,CHEMBL417420,IC50,2.9,nM,=,8.54,2026-03-21 13:33:18.447979,2.9,0.4623979978989561
113112,CHEMBL677391,CHEMBL203,CHEMBL304414,IC50,10000.0,nM,=,5.0,2026-03-21 13:33:18.447979,10000.0,4.0
113789,CHEMBL680019,CHEMBL203,CHEMBL106232,IC50,4500.0,nM,=,5.35,2026-03-21 13:33:18.447979,4500.0,3.6532125137753435
113793,CHEMBL680019,CHEMBL203,CHEMBL327127,IC50,90.0,nM,=,7.05,2026-03-21 13:33:18.447979,90.0,1.954242509439325
113901,CHEMBL679947,CHEMBL203,CHEMBL294475,IC50,0.81,nM,=,9.09,2026-03-21 13:33:18.447979,0.81,-0.09151498112135022
113902,CHEMBL680026,CHEMBL203,CHEMBL294475,IC50,3.1,nM,=,8.51,2026-03-21 13:33:18.447979,3.1,0.4913616938342727
114492,CHEMBL679549,CHEMBL203,CHEMBL266487,IC50,50000.0,nM,>,,2026-03-21 13:33:18.447979,50000.0,4.698970004336019
114538,CHEMBL677390,CHEMBL203,CHEMBL293261,IC50,850.0,nM,=,6.07,2026-03-21 13:33:18.447979,850.0,2.929418925714293
115064,CHEMBL679947,CHEMBL203,CHEMBL53310,IC50,13.0,nM,=,7.89,2026-03-21 13:33:18.447979,13.0,1.1139433523068367
115581,CHEMBL679549,CHEMBL203,CHEMBL267019,IC50,2500.0,nM,=,5.6,2026-03-21 13:33:18.447979,2500.0,3.3979400086720375
115911,CHEMBL673925,CHEMBL203,CHEMBL285063,IC50,0.7,nM,=,9.15,2026-03-21 13:33:18.447979,0.7,-0.1549019599857432
115912,CHEMBL677216,CHEMBL203,CHEMBL285063,IC50,2.7,nM,=,8.57,2026-03-21 13:33:18.447979,2.7,0.43136376415898736
115914,CHEMBL673925,CHEMBL203,CHEMBL136404,IC50,0.5,nM,=,9.3,2026-03-21 13:33:18.447979,0.5,-0.3010299956639812
115915,CHEMBL677216,CHEMBL203,CHEMBL136404,IC50,7.7,nM,=,8.11,2026-03-21 13:33:18.447979,7.7,0.8864907251724818
116316,CHEMBL680019,CHEMBL203,CHEMBL113356,IC50,50000.0,nM,>,,2026-03-21 13:33:18.447979,50000.0,4.698970004336019
116920,CHEMBL677391,CHEMBL203,CHEMBL291979,IC50,54100.0,nM,=,4.27,2026-03-21 13:33:18.447979,54100.0,4.733197265106569
116922,CHEMBL677391,CHEMBL203,CHEMBL62843,IC50,100000.0,nM,=,4.0,2026-03-21 13:33:18.447979,100000.0,5.0
116924,CHEMBL677391,CHEMBL203,CHEMBL63009,IC50,100000.0,nM,>,,2026-03-21 13:33:18.447979,100000.0,5.0
117058,CHEMBL679549,CHEMBL203,CHEMBL267941,IC50,50000.0,nM,>,,2026-03-21 13:33:18.447979,50000.0,4.698970004336019
117213,CHEMBL673925,CHEMBL203,CHEMBL334697,IC50,0.17,nM,=,9.77,2026-03-21 13:33:18.447979,0.17,-0.769551078621726
117214,CHEMBL677217,CHEMBL203,CHEMBL334697,IC50,13.0,nM,=,7.89,2026-03-21 13:33:18.447979,13.0,1.1139433523068367
117228,CHEMBL673925,CHEMBL203,CHEMBL434827,IC50,0.73,nM,=,9.14,2026-03-21 13:33:18.447979,0.73,-0.1366771398795441
117229,CHEMBL677216,CHEMBL203,CHEMBL434827,IC50,21.0,nM,=,7.68,2026-03-21 13:33:18.447979,21.0,1.3222192947339193
117231,CHEMBL679948,CHEMBL203,CHEMBL434827,IC50,21.0,nM,=,7.68,2026-03-21 13:33:18.447979,21.0,1.3222192947339193
118165,CHEMBL677391,CHEMBL203,CHEMBL292287,IC50,100000.0,nM,>,,2026-03-21 13:33:18.447979,100000.0,5.0
118168,CHEMBL677391,CHEMBL203,CHEMBL64430,IC50,5000.0,nM,=,5.3,2026-03-21 13:33:18.447979,5000.0,3.6989700043360187
118170,CHEMBL677391,CHEMBL203,CHEMBL64068,IC50,100000.0,nM,>,,2026-03-21 13:33:18.447979,100000.0,5.0
118172,CHEMBL677391,CHEMBL203,CHEMBL62067,IC50,100000.0,nM,>,,2026-03-21 13:33:18.447979,100000.0,5.0
118174,CHEMBL677391,CHEMBL203,CHEMBL64814,IC50,100000.0,nM,>,,2026-03-21 13:33:18.447979,100000.0,5.0
118461,CHEMBL673925,CHEMBL203,CHEMBL137082,IC50,2.7,nM,=,8.57,2026-03-21 13:33:18.447979,2.7,0.43136376415898736
118462,CHEMBL677216,CHEMBL203,CHEMBL137082,IC50,156.0,nM,=,6.81,2026-03-21 13:33:18.447979,156.0,2.1931245983544616
118831,CHEMBL680019,CHEMBL203,CHEMBL299347,IC50,50000.0,nM,>,,2026-03-21 13:33:18.447979,50000.0,4.698970004336019
118835,CHEMBL680019,CHEMBL203,CHEMBL324926,IC50,330.0,nM,=,6.48,2026-03-21 13:33:18.447979,330.0,2.5185139398778875
118874,CHEMBL679947,CHEMBL203,CHEMBL53311,IC50,82.0,nM,=,7.09,2026-03-21 13:33:18.447979,82.0,1.9138138523837167
119381,CHEMBL677391,CHEMBL203,CHEMBL62176,IC50,1000.0,nM,=,6.0,2026-03-21 13:33:18.447979,1000.0,3.0
119394,CHEMBL676146,CHEMBL203,CHEMBL130694,IC50,20000.0,nM,>,,2026-03-21 13:33:18.447979,20000.0,4.301029995663981
119396,CHEMBL676146,CHEMBL203,CHEMBL423159,IC50,21000.0,nM,=,4.68,2026-03-21 13:33:18.447979,21000.0,4.3222192947339195
119922,CHEMBL680019,CHEMBL203,CHEMBL109759,IC50,5000.0,nM,>,,2026-03-21 13:33:18.447979,5000.0,3.6989700043360187
119990,CHEMBL679947,CHEMBL203,CHEMBL299622,IC50,0.76,nM,=,9.12,2026-03-21 13:33:18.447979,0.76,-0.11918640771920865
119991,CHEMBL680026,CHEMBL203,CHEMBL299622,IC50,30.0,nM,=,7.52,2026-03-21 13:33:18.447979,30.0,1.4771212547196624
120871,CHEMBL673925,CHEMBL203,CHEMBL138363,IC50,1.6,nM,=,8.8,2026-03-21 13:33:18.447979,1.6,0.2041199826559248
120872,CHEMBL677216,CHEMBL203,CHEMBL138363,IC50,44.0,nM,=,7.36,2026-03-21 13:33:18.447979,44.0,1.6434526764861874
120874,CHEMBL673925,CHEMBL203,CHEMBL93464,IC50,0.55,nM,=,9.26,2026-03-21 13:33:18.447979,0.55,-0.2596373105057561
120875,CHEMBL677216,CHEMBL203,CHEMBL93464,IC50,8.7,nM,=,8.06,2026-03-21 13:33:18.447979,8.7,0.9395192526186185
121309,CHEMBL679947,CHEMBL203,CHEMBL53831,IC50,1.5,nM,=,8.82,2026-03-21 13:33:18.447979,1.5,0.17609125905568124
121310,CHEMBL679947,CHEMBL203,CHEMBL299881,IC50,2.3,nM,=,8.64,2026-03-21 13:33:18.447979,2.3,0.36172783601759284
121311,CHEMBL679947,CHEMBL203,CHEMBL50027,IC50,2550.0,nM,=,5.59,2026-03-21 13:33:18.447979,2550.0,3.406540180433955
121735,CHEMBL683041,CHEMBL203,CHEMBL31965,IC50,74.0,nM,=,7.13,2026-03-21 13:33:18.447979,74.0,1.8692317197309762
122056,CHEMBL673925,CHEMBL203,CHEMBL344486,IC50,2.7,nM,=,8.57,2026-03-21 13:33:18.447979,2.7,0.43136376415898736
122057,CHEMBL677216,CHEMBL203,CHEMBL344486,IC50,64.0,nM,=,7.19,2026-03-21 13:33:18.447979,64.0,1.806179973983887
122059,CHEMBL673925,CHEMBL203,CHEMBL138940,IC50,0.61,nM,=,9.21,2026-03-21 13:33:18.447979,0.61,-0.21467016498923297
122060,CHEMBL677216,CHEMBL203,CHEMBL138940,IC50,14.0,nM,=,7.85,2026-03-21 13:33:18.447979,14.0,1.146128035678238
122062,CHEMBL677213,CHEMBL203,CHEMBL138940,IC50,14.0,nM,=,7.85,2026-03-21 13:33:18.447979,14.0,1.146128035678238
122509,CHEMBL680019,CHEMBL203,CHEMBL321193,IC50,150.0,nM,=,6.82,2026-03-21 13:33:18.447979,150.0,2.1760912590556813
122513,CHEMBL680019,CHEMBL203,CHEMBL419022,IC50,700.0,nM,=,6.16,2026-03-21 13:33:18.447979,700.0,2.845098040014257
122535,CHEMBL679947,CHEMBL203,CHEMBL53426,IC50,0.25,nM,=,9.6,2026-03-21 13:33:18.447979,0.25,-0.6020599913279624
122536,CHEMBL680026,CHEMBL203,CHEMBL53426,IC50,5.1,nM,=,8.29,2026-03-21 13:33:18.447979,5.1,0.7075701760979364
122537,CHEMBL680030,CHEMBL203,CHEMBL53711,IC50,2.6,nM,=,8.59,2026-03-21 13:33:18.447979,2.6,0.414973347970818
122538,CHEMBL680031,CHEMBL203,CHEMBL53711,IC50,12.0,nM,=,7.92,2026-03-21 13:33:18.447979,12.0,1.0791812460476249
123349,CHEMBL673925,CHEMBL203,CHEMBL344177,IC50,0.69,nM,=,9.16,2026-03-21 13:33:18.447979,0.69,-0.16115090926274472
123350,CHEMBL677216,CHEMBL203,CHEMBL344177,IC50,20.0,nM,=,7.7,2026-03-21 13:33:18.447979,20.0,1.3010299956639813
123352,CHEMBL673925,CHEMBL203,CHEMBL136178,IC50,1.2,nM,=,8.92,2026-03-21 13:33:18.447979,1.2,0.07918124604762482
123353,CHEMBL677216,CHEMBL203,CHEMBL136178,IC50,1039.0,nM,=,5.98,2026-03-21 13:33:18.447979,1039.0,3.016615547557177
123355,CHEMBL673925,CHEMBL203,CHEMBL136511,IC50,1.4,nM,=,8.85,2026-03-21 13:33:18.447979,1.4,0.146128035678238
123356,CHEMBL677216,CHEMBL203,CHEMBL136511,IC50,2.7,nM,=,8.57,2026-03-21 13:33:18.447979,2.7,0.43136376415898736
123785,CHEMBL679947,CHEMBL203,CHEMBL416307,IC50,3.0,nM,=,8.52,2026-03-21 13:33:18.447979,3.0,0.47712125471966244
124275,CHEMBL677391,CHEMBL203,CHEMBL64165,IC50,100000.0,nM,>,,2026-03-21 13:33:18.447979,100000.0,5.0
124308,CHEMBL676146,CHEMBL203,CHEMBL130116,IC50,20000.0,nM,>,,2026-03-21 13:33:18.447979,20000.0,4.301029995663981
124325,CHEMBL679549,CHEMBL203,CHEMBL44,IC50,1000.0,nM,=,6.0,2026-03-21 13:33:18.447979,1000.0,3.0
124595,CHEMBL673925,CHEMBL203,CHEMBL136102,IC50,1.45,nM,=,8.84,2026-03-21 13:33:18.447979,1.45,0.16136800223497488
124596,CHEMBL677216,CHEMBL203,CHEMBL136102,IC50,193.0,nM,=,6.71,2026-03-21 13:33:18.447979,193.0,2.285557309007774
124598,CHEMBL673925,CHEMBL203,CHEMBL336264,IC50,0.43,nM,=,9.37,2026-03-21 13:33:18.447979,0.43,-0.36653154442041347
124599,CHEMBL677216,CHEMBL203,CHEMBL336264,IC50,500.0,nM,>,,2026-03-21 13:33:18.447979,500.0,2.6989700043360187
125063,CHEMBL680019,CHEMBL203,CHEMBL104153,IC50,220.0,nM,=,6.66,2026-03-21 13:33:18.447979,220.0,2.342422680822206
125108,CHEMBL680030,CHEMBL203,CHEMBL53156,IC50,3.1,nM,=,8.51,2026-03-21 13:33:18.447979,3.1,0.4913616938342727
125109,CHEMBL680031,CHEMBL203,CHEMBL53156,IC50,20.0,nM,=,7.7,2026-03-21 13:33:18.447979,20.0,1.3010299956639813
125565,CHEMBL683041,CHEMBL203,CHEMBL95774,IC50,80.0,nM,=,7.1,2026-03-21 13:33:18.447979,80.0,1.9030899869919435
125659,CHEMBL676146,CHEMBL203,CHEMBL130893,IC50,10000.0,nM,>,,2026-03-21 13:33:18.447979,10000.0,4.0
125663,CHEMBL676146,CHEMBL203,CHEMBL129907,IC50,20000.0,nM,>,,2026-03-21 13:33:18.447979,20000.0,4.301029995663981
125665,CHEMBL676146,CHEMBL203,CHEMBL131653,IC50,9000.0,nM,=,5.05,2026-03-21 13:33:18.447979,9000.0,3.9542425094393248
125676,CHEMBL679549,CHEMBL203,CHEMBL268868,IC50,300.0,nM,=,6.52,2026-03-21 13:33:18.447979,300.0,2.4771212547196626
125682,CHEMBL621149,CHEMBL203,CHEMBL268868,IC50,4500.0,nM,>,,2026-03-21 13:33:18.447979,4500.0,3.6532125137753435
125685,CHEMBL679549,CHEMBL203,CHEMBL7352,IC50,50000.0,nM,>,,2026-03-21 13:33:18.447979,50000.0,4.698970004336019
125689,CHEMBL621149,CHEMBL203,CHEMBL7352,IC50,100000.0,nM,>,,2026-03-21 13:33:18.447979,100000.0,5.0
125800,CHEMBL679549,CHEMBL203,CHEMBL7775,IC50,8700.0,nM,=,5.06,2026-03-21 13:33:18.447979,8700.0,3.9395192526186187
125805,CHEMBL621149,CHEMBL203,CHEMBL7775,IC50,100000.0,nM,>,,2026-03-21 13:33:18.447979,100000.0,5.0
125815,CHEMBL679549,CHEMBL203,CHEMBL8222,IC50,100000.0,nM,>,,2026-03-21 13:33:18.447979,100000.0,5.0
126489,CHEMBL680030,CHEMBL203,CHEMBL53711,IC50,0.006,nM,=,,2026-03-21 13:33:18.447979,0.006,-2.221848749616356
126490,CHEMBL680031,CHEMBL203,CHEMBL53711,IC50,21.0,nM,=,7.68,2026-03-21 13:33:18.447979,21.0,1.3222192947339193
127172,CHEMBL677391,CHEMBL203,CHEMBL60200,IC50,100000.0,nM,>,,2026-03-21 13:33:18.447979,100000.0,5.0
127175,CHEMBL677391,CHEMBL203,CHEMBL61119,IC50,5300.0,nM,=,5.28,2026-03-21 13:33:18.447979,5300.0,3.724275869600789
127318,CHEMBL677391,CHEMBL203,CHEMBL64231,IC50,100000.0,nM,>,,2026-03-21 13:33:18.447979,100000.0,5.0
127421,CHEMBL673925,CHEMBL203,CHEMBL335440,IC50,93.5,nM,=,7.03,2026-03-21 13:33:18.447979,93.5,1.9708116108725178
127736,CHEMBL680019,CHEMBL203,CHEMBL50647,IC50,220.0,nM,=,6.66,2026-03-21 13:33:18.447979,220.0,2.342422680822206
127740,CHEMBL680019,CHEMBL203,CHEMBL320705,IC50,66.0,nM,=,7.18,2026-03-21 13:33:18.447979,66.0,1.8195439355418688
127787,CHEMBL679947,CHEMBL203,CHEMBL51228,IC50,2.3,nM,=,8.64,2026-03-21 13:33:18.447979,2.3,0.36172783601759284
128253,CHEMBL676147,CHEMBL203,CHEMBL130117,IC50,10000.0,nM,>,,2026-03-21 13:33:18.447979,10000.0,4.0
128255,CHEMBL676146,CHEMBL203,CHEMBL129930,IC50,9500.0,nM,=,5.02,2026-03-21 13:33:18.447979,9500.0,3.9777236052888476
128843,CHEMBL680019,CHEMBL203,CHEMBL48172,IC50,5000.0,nM,>,,2026-03-21 13:33:18.447979,5000.0,3.6989700043360187
128847,CHEMBL680019,CHEMBL203,CHEMBL113863,IC50,1000.0,nM,=,6.0,2026-03-21 13:33:18.447979,1000.0,3.0
129395,CHEMBL683041,CHEMBL203,CHEMBL553,IC50,1450.0,nM,=,5.84,2026-03-21 13:33:18.447979,1450.0,3.161368002234975
129504,CHEMBL677391,CHEMBL203,CHEMBL62699,IC50,100000.0,nM,>,,2026-03-21 13:33:18.447979,100000.0,5.0
129764,CHEMBL673925,CHEMBL203,CHEMBL92086,IC50,1.2,nM,=,8.92,2026-03-21 13:33:18.447979,1.2,0.07918124604762482
129765,CHEMBL677216,CHEMBL203,CHEMBL92086,IC50,16.0,nM,=,7.8,2026-03-21 13:33:18.447979,16.0,1.2041199826559248
130156,CHEMBL680019,CHEMBL203,CHEMBL109631,IC50,190.0,nM,=,6.72,2026-03-21 13:33:18.447979,190.0,2.278753600952829
130236,CHEMBL680030,CHEMBL203,CHEMBL52015,IC50,84.0,nM,=,7.08,2026-03-21 13:33:18.447979,84.0,1.9242792860618816
130237,CHEMBL680030,CHEMBL203,CHEMBL53796,IC50,9.6,nM,=,8.02,2026-03-21 13:33:18.447979,9.6,0.9822712330395684
130238,CHEMBL680031,CHEMBL203,CHEMBL53796,IC50,32.0,nM,=,7.5,2026-03-21 13:33:18.447979,32.0,1.505149978319906
130239,CHEMBL680030,CHEMBL203,CHEMBL51853,IC50,0.13,nM,=,9.89,2026-03-21 13:33:18.447979,0.13,-0.8860566476931632
130240,CHEMBL680031,CHEMBL203,CHEMBL51853,IC50,16.0,nM,=,7.8,2026-03-21 13:33:18.447979,16.0,1.2041199826559248
130896,CHEMBL677391,CHEMBL203,CHEMBL294205,IC50,100000.0,nM,>,,2026-03-21 13:33:18.447979,100000.0,5.0
130899,CHEMBL677391,CHEMBL203,CHEMBL293913,IC50,44000.0,nM,=,4.36,2026-03-21 13:33:18.447979,44000.0,4.643452676486188
130926,CHEMBL676146,CHEMBL203,CHEMBL133283,IC50,10000.0,nM,=,5.0,2026-03-21 13:33:18.447979,10000.0,4.0
130930,CHEMBL679549,CHEMBL203,CHEMBL7914,IC50,2500.0,nM,=,5.6,2026-03-21 13:33:18.447979,2500.0,3.3979400086720375
130935,CHEMBL621149,CHEMBL203,CHEMBL7914,IC50,4500.0,nM,=,5.35,2026-03-21 13:33:18.447979,4500.0,3.6532125137753435
130938,CHEMBL679549,CHEMBL203,CHEMBL7929,IC50,50000.0,nM,>,,2026-03-21 13:33:18.447979,50000.0,4.698970004336019
130941,CHEMBL621149,CHEMBL203,CHEMBL7929,IC50,100000.0,nM,>,,2026-03-21 13:33:18.447979,100000.0,5.0
131068,CHEMBL673925,CHEMBL203,CHEMBL334801,IC50,1.1,nM,=,8.96,2026-03-21 13:33:18.447979,1.1,0.04139268515822508
131069,CHEMBL677216,CHEMBL203,CHEMBL334801,IC50,57.0,nM,=,7.24,2026-03-21 13:33:18.447979,57.0,1.7558748556724915
131071,CHEMBL679948,CHEMBL203,CHEMBL334801,IC50,57.0,nM,=,7.24,2026-03-21 13:33:18.447979,57.0,1.7558748556724915
131441,CHEMBL680019,CHEMBL203,CHEMBL111618,IC50,5000.0,nM,>,,2026-03-21 13:33:18.447979,5000.0,3.6989700043360187
131445,CHEMBL680019,CHEMBL203,CHEMBL325589,IC50,510.0,nM,=,6.29,2026-03-21 13:33:18.447979,510.0,2.7075701760979363
132037,CHEMBL683041,CHEMBL203,CHEMBL99024,IC50,1040.0,nM,=,5.98,2026-03-21 13:33:18.447979,1040.0,3.0170333392987803
132094,CHEMBL677391,CHEMBL203,CHEMBL59812,IC50,20000.0,nM,=,4.7,2026-03-21 13:33:18.447979,20000.0,4.301029995663981
132136,CHEMBL676146,CHEMBL203,CHEMBL130337,IC50,10000.0,nM,>,,2026-03-21 13:33:18.447979,10000.0,4.0
132358,CHEMBL673925,CHEMBL203,CHEMBL434828,IC50,9.1,nM,=,8.04,2026-03-21 13:33:18.447979,9.1,0.9590413923210935
132359,CHEMBL677216,CHEMBL203,CHEMBL434828,IC50,77.0,nM,=,7.11,2026-03-21 13:33:18.447979,77.0,1.8864907251724818
132779,CHEMBL680019,CHEMBL203,CHEMBL49596,IC50,5600.0,nM,=,5.25,2026-03-21 13:33:18.447979,5600.0,3.7481880270062002
132844,CHEMBL680030,CHEMBL203,CHEMBL50519,IC50,4.3,nM,=,8.37,2026-03-21 13:33:18.447979,4.3,0.6334684555795865
133312,CHEMBL677391,CHEMBL203,CHEMBL63455,IC50,100000.0,nM,>,,2026-03-21 13:33:18.447979,100000.0,5.0
133314,CHEMBL677391,CHEMBL203,CHEMBL293250,IC50,40500.0,nM,=,4.39,2026-03-21 13:33:18.447979,40500.0,4.607455023214668
133316,CHEMBL677391,CHEMBL203,CHEMBL62701,IC50,22300.0,nM,=,4.65,2026-03-21 13:33:18.447979,22300.0,4.348304863048161
133541,CHEMBL673925,CHEMBL203,CHEMBL51659,IC50,0.91,nM,=,9.04,2026-03-21 13:33:18.447979,0.91,-0.040958607678906384
133542,CHEMBL677216,CHEMBL203,CHEMBL51659,IC50,3.4,nM,=,8.47,2026-03-21 13:33:18.447979,3.4,0.5314789170422551
133544,CHEMBL673925,CHEMBL203,CHEMBL135142,IC50,1.75,nM,=,8.76,2026-03-21 13:33:18.447979,1.75,0.24303804868629444
133545,CHEMBL677216,CHEMBL203,CHEMBL135142,IC50,35.0,nM,=,7.46,2026-03-21 13:33:18.447979,35.0,1.5440680443502757
133547,CHEMBL673925,CHEMBL203,CHEMBL343722,IC50,1.6,nM,=,8.8,2026-03-21 13:33:18.447979,1.6,0.2041199826559248
133548,CHEMBL677216,CHEMBL203,CHEMBL343722,IC50,120.0,nM,=,6.92,2026-03-21 13:33:18.447979,120.0,2.0791812460476247
133984,CHEMBL680019,CHEMBL203,CHEMBL448154,IC50,490.0,nM,=,6.31,2026-03-21 13:33:18.447979,490.0,2.690196080028514
134564,CHEMBL677391,CHEMBL203,CHEMBL303127,IC50,100000.0,nM,>,,2026-03-21 13:33:18.447979,100000.0,5.0
135131,CHEMBL680019,CHEMBL203,CHEMBL50470,IC50,1400.0,nM,=,5.85,2026-03-21 13:33:18.447979,1400.0,3.146128035678238
135135,CHEMBL680019,CHEMBL203,CHEMBL104244,IC50,210.0,nM,=,6.68,2026-03-21 13:33:18.447979,210.0,2.322219294733919
135211,CHEMBL679947,CHEMBL203,CHEMBL53777,IC50,0.95,nM,=,9.02,2026-03-21 13:33:18.447979,0.95,-0.022276394711152253
135212,CHEMBL680026,CHEMBL203,CHEMBL53777,IC50,22.0,nM,=,7.66,2026-03-21 13:33:18.447979,22.0,1.3424226808222062
135765,CHEMBL677391,CHEMBL203,CHEMBL293889,IC50,4300.0,nM,=,5.37,2026-03-21 13:33:18.447979,4300.0,3.6334684555795866
135767,CHEMBL677391,CHEMBL203,CHEMBL61278,IC50,100000.0,nM,>,,2026-03-21 13:33:18.447979,100000.0,5.0
135801,CHEMBL679549,CHEMBL203,CHEMBL267869,IC50,100000.0,nM,>,,2026-03-21 13:33:18.447979,100000.0,5.0
136079,CHEMBL673925,CHEMBL203,CHEMBL140561,IC50,2.4,nM,=,8.62,2026-03-21 13:33:18.447979,2.4,0.38021124171160603
136080,CHEMBL677216,CHEMBL203,CHEMBL140561,IC50,108.0,nM,=,6.97,2026-03-21 13:33:18.447979,108.0,2.03342375548695
136082,CHEMBL679948,CHEMBL203,CHEMBL140561,IC50,108.0,nM,=,6.97,2026-03-21 13:33:18.447979,108.0,2.03342375548695
136084,CHEMBL673925,CHEMBL203,CHEMBL345077,IC50,4.6,nM,=,8.34,2026-03-21 13:33:18.447979,4.6,0.6627578316815741
136085,CHEMBL677216,CHEMBL203,CHEMBL345077,IC50,340.0,nM,=,6.47,2026-03-21 13:33:18.447979,340.0,2.531478917042255
136425,CHEMBL680019,CHEMBL203,CHEMBL107472,IC50,7500.0,nM,=,5.12,2026-03-21 13:33:18.447979,7500.0,3.8750612633917
136429,CHEMBL680019,CHEMBL203,CHEMBL326041,IC50,5000.0,nM,>,,2026-03-21 13:33:18.447979,5000.0,3.6989700043360187
136433,CHEMBL680019,CHEMBL203,CHEMBL111247,IC50,5000.0,nM,>,,2026-03-21 13:33:18.447979,5000.0,3.6989700043360187
137102,CHEMBL673925,CHEMBL203,CHEMBL139044,IC50,1.1,nM,=,8.96,2026-03-21 13:33:18.447979,1.1,0.04139268515822508
137103,CHEMBL677216,CHEMBL203,CHEMBL139044,IC50,27.0,nM,=,7.57,2026-03-21 13:33:18.447979,27.0,1.4313637641589874
137105,CHEMBL673925,CHEMBL203,CHEMBL139095,IC50,0.76,nM,=,9.12,2026-03-21 13:33:18.447979,0.76,-0.11918640771920865
137106,CHEMBL677216,CHEMBL203,CHEMBL139095,IC50,2.4,nM,=,8.62,2026-03-21 13:33:18.447979,2.4,0.38021124171160603
137444,CHEMBL680019,CHEMBL203,CHEMBL113070,IC50,80.0,nM,=,7.1,2026-03-21 13:33:18.447979,80.0,1.9030899869919435
137455,CHEMBL680019,CHEMBL203,CHEMBL104779,IC50,910.0,nM,=,6.04,2026-03-21 13:33:18.447979,910.0,2.9590413923210934
138225,CHEMBL677391,CHEMBL203,CHEMBL64781,IC50,100000.0,nM,>,,2026-03-21 13:33:18.447979,100000.0,5.0
138233,CHEMBL676146,CHEMBL203,CHEMBL319620,IC50,92000.0,nM,=,4.04,2026-03-21 13:33:18.447979,92000.0,4.963787827345556
138375,CHEMBL679549,CHEMBL203,CHEMBL266255,IC50,100000.0,nM,>,,2026-03-21 13:33:18.447979,100000.0,5.0
138492,CHEMBL673925,CHEMBL203,CHEMBL134371,IC50,0.37,nM,=,9.43,2026-03-21 13:33:18.447979,0.37,-0.431798275933005
138493,CHEMBL677216,CHEMBL203,CHEMBL134371,IC50,500.0,nM,>,,2026-03-21 13:33:18.447979,500.0,2.6989700043360187
138953,CHEMBL680019,CHEMBL203,CHEMBL301612,IC50,260.0,nM,=,6.58,2026-03-21 13:33:18.447979,260.0,2.4149733479708178
139013,CHEMBL680030,CHEMBL203,CHEMBL52765,IC50,0.78,nM,=,9.11,2026-03-21 13:33:18.447979,0.78,-0.10790539730951958
139014,CHEMBL680030,CHEMBL203,CHEMBL50344,IC50,11.0,nM,=,7.96,2026-03-21 13:33:18.447979,11.0,1.0413926851582251
139390,CHEMBL677391,CHEMBL203,CHEMBL293251,IC50,11400.0,nM,=,4.94,2026-03-21 13:33:18.447979,11400.0,4.056904851336473
139392,CHEMBL677391,CHEMBL203,CHEMBL294341,IC50,100000.0,nM,>,,2026-03-21 13:33:18.447979,100000.0,5.0
139395,CHEMBL677391,CHEMBL203,CHEMBL60472,IC50,3600.0,nM,=,5.44,2026-03-21 13:33:18.447979,3600.0,3.5563025007672873
139439,CHEMBL676146,CHEMBL203,CHEMBL131407,IC50,20000.0,nM,>,,2026-03-21 13:33:18.447979,20000.0,4.301029995663981
139593,CHEMBL673925,CHEMBL203,CHEMBL342828,IC50,0.56,nM,=,9.25,2026-03-21 13:33:18.447979,0.56,-0.25181197299379954
139594,CHEMBL677216,CHEMBL203,CHEMBL342828,IC50,14.0,nM,=,7.85,2026-03-21 13:33:18.447979,14.0,1.146128035678238
139596,CHEMBL677213,CHEMBL203,CHEMBL342828,IC50,14.0,nM,=,7.85,2026-03-21 13:33:18.447979,14.0,1.146128035678238
139961,CHEMBL680019,CHEMBL203,CHEMBL299194,IC50,8700.0,nM,=,5.06,2026-03-21 13:33:18.447979,8700.0,3.9395192526186187
139965,CHEMBL680019,CHEMBL203,CHEMBL323699,IC50,5000.0,nM,>,,2026-03-21 13:33:18.447979,5000.0,3.6989700043360187
140014,CHEMBL679947,CHEMBL203,CHEMBL54067,IC50,35.0,nM,=,7.46,2026-03-21 13:33:18.447979,35.0,1.5440680443502757
140478,CHEMBL677391,CHEMBL203,CHEMBL291359,IC50,9900.0,nM,=,5.0,2026-03-21 13:33:18.447979,9900.0,3.99563519459755
140517,CHEMBL676146,CHEMBL203,CHEMBL335074,IC50,10000.0,nM,>,,2026-03-21 13:33:18.447979,10000.0,4.0
141071,CHEMBL680019,CHEMBL203,CHEMBL109296,IC50,4500.0,nM,=,5.35,2026-03-21 13:33:18.447979,4500.0,3.6532125137753435
141079,CHEMBL680019,CHEMBL203,CHEMBL111339,IC50,480.0,nM,=,6.32,2026-03-21 13:33:18.447979,480.0,2.681241237375587
141112,CHEMBL680030,CHEMBL203,CHEMBL52197,IC50,30.0,nM,=,7.52,2026-03-21 13:33:18.447979,30.0,1.4771212547196624
142383,CHEMBL680019,CHEMBL203,CHEMBL109525,IC50,50000.0,nM,>,,2026-03-21 13:33:18.447979,50000.0,4.698970004336019
142994,CHEMBL679549,CHEMBL203,CHEMBL7939,IC50,700.0,nM,=,6.16,2026-03-21 13:33:18.447979,700.0,2.845098040014257
142999,CHEMBL621149,CHEMBL203,CHEMBL7939,IC50,2200.0,nM,=,5.66,2026-03-21 13:33:18.447979,2200.0,3.342422680822206
143002,CHEMBL679549,CHEMBL203,CHEMBL8163,IC50,50000.0,nM,>,,2026-03-21 13:33:18.447979,50000.0,4.698970004336019
143005,CHEMBL679549,CHEMBL203,CHEMBL8095,IC50,2000.0,nM,=,5.7,2026-03-21 13:33:18.447979,2000.0,3.3010299956639813
143010,CHEMBL621149,CHEMBL203,CHEMBL8095,IC50,18000.0,nM,=,4.75,2026-03-21 13:33:18.447979,18000.0,4.2552725051033065
