MolWt,LogP,NumHDonors,NumHAcceptors,NumRotatableBonds,NumAromaticRings,TPSA,FractionCSP3,molecule_chembl_id,ic50_nM,log_ic50
383.814,4.450340000000002,3,4,3,3,82.69999999999999,0.10526315789473684,CHEMBL68920,41.0,1.6127838567197355
383.814,4.450340000000002,3,4,3,3,82.69999999999999,0.10526315789473684,CHEMBL68920,300.0,2.4771212547196626
383.814,4.450340000000002,3,4,3,3,82.69999999999999,0.10526315789473684,CHEMBL68920,7820.0,3.893206753059848
482.9030000000001,3.614320000000001,3,6,4,3,112.24,0.21739130434782608,CHEMBL69960,170.0,2.230448921378274
482.9030000000001,3.614320000000001,3,6,4,3,112.24,0.21739130434782608,CHEMBL69960,40.0,1.6020599913279623
482.9030000000001,3.614320000000001,3,6,4,3,112.24,0.21739130434782608,CHEMBL69960,440.0,2.6434526764861874
369.43200000000013,4.772000000000004,1,6,6,4,78.66000000000001,0.09523809523809523,CHEMBL137635,9300.0,3.9684829485539352
283.287,2.3105600000000006,2,4,5,1,113.98,0.2,CHEMBL306988,500000.0,5.698970004336019
164.16,1.49,2,2,2,1,57.53,0.0,CHEMBL66879,3000000.0,6.477121254719663
215.16799999999998,1.73096,1,5,2,1,110.95000000000002,0.0,CHEMBL77085,96000.0,4.982271233039568
539.9990000000001,3.228220000000002,3,7,7,3,115.48,0.3076923076923077,CHEMBL443268,5310.0,3.725094521081469
249.22199999999998,1.40098,2,5,4,1,99.78,0.16666666666666666,CHEMBL76979,264000.0,5.421603926869831
236.234,1.55914,2,5,2,1,117.61999999999999,0.0,CHEMBL76589,125.0,2.0969100130080562
214.224,2.13436,0,4,3,1,66.03999999999999,0.16666666666666666,CHEMBL77724,1250000.0,6.096910013008056
239.2779999999999,1.95376,0,4,2,1,60.05,0.2857142857142857,CHEMBL420385,625000.0,5.795880017344075
186.17,1.52836,2,4,1,1,88.04,0.0,CHEMBL76904,35000.0,4.544068044350276
197.18999999999997,0.052200000000000135,4,4,3,1,103.78000000000002,0.2222222222222222,CHEMBL1009,900000.0,5.954242509439325
542.0150000000001,3.57442,5,7,10,3,135.27,0.3076923076923077,CHEMBL304271,0.45,-0.3467874862246563
204.18499999999997,0.4900799999999999,3,4,2,1,107.34,0.0,CHEMBL296407,10000.0,4.0
281.231,1.4673399999999999,2,7,3,1,160.76,0.0,CHEMBL309625,60000.0,4.778151250383644
200.20100000000002,1.5102599999999997,1,5,3,1,81.19999999999999,0.1,CHEMBL77825,600000.0,5.778151250383644
230.22299999999998,1.83996,1,5,3,1,86.27,0.16666666666666666,CHEMBL421877,850000.0,5.929418925714293
202.16899999999998,1.2339599999999997,3,5,1,1,108.27000000000001,0.0,CHEMBL310798,3000.0,3.4771212547196626
292.34600000000006,3.806600000000002,1,5,4,3,65.77,0.125,CHEMBL135592,8000.0,3.9030899869919438
218.16799999999998,1.5863800000000001,1,4,3,1,104.23,0.0,CHEMBL309866,1300000.0,6.113943352306837
162.14799999999997,1.0062799999999998,2,2,2,1,76.88,0.0,CHEMBL77381,1360000.0,6.133538908370218
189.17,1.3837799999999998,2,3,2,1,81.32,0.0,CHEMBL76602,165000.0,5.217483944213907
155.15999999999997,1.51216,0,3,1,1,60.47,0.0,CHEMBL77737,250000.0,5.3979400086720375
172.16199999999998,2.25626,0,2,1,1,47.58,0.0,CHEMBL76983,1250000.0,6.096910013008056
215.16799999999998,1.7309600000000003,1,5,2,1,110.95000000000002,0.0,CHEMBL308134,125000.0,5.096910013008056
326.791,4.587100000000003,1,5,4,3,65.77,0.125,CHEMBL136491,14.0,1.146128035678238
183.214,2.08946,1,3,1,1,73.6,0.09090909090909091,CHEMBL77280,1250000.0,6.096910013008056
227.223,0.93896,2,4,3,1,96.91000000000001,0.08333333333333333,CHEMBL76557,625000.0,5.795880017344075
250.30500000000004,3.2640200000000004,2,4,2,3,63.83,0.06666666666666667,CHEMBL336113,1000.0,3.0
312.76400000000007,4.435700000000002,2,5,4,3,74.56,0.06666666666666667,CHEMBL133024,100.0,2.0
306.373,3.958000000000003,0,5,4,3,56.980000000000004,0.17647058823529413,CHEMBL344652,13350.0,4.125481265700594
185.186,1.7351599999999998,2,4,2,1,79.84,0.0,CHEMBL77814,350000.0,5.544068044350276
179.17499999999998,0.8144999999999998,3,3,3,1,69.56,0.0,CHEMBL47986,14000.0,4.146128035678238
434.30100000000016,5.510200000000003,2,6,6,4,87.45,0.05,CHEMBL138125,238.0,2.376576957056512
456.34800000000035,4.247200000000003,2,7,7,3,87.03,0.3,CHEMBL137364,64.0,1.806179973983887
190.118,-1.30384,2,5,0,0,122.85,0.0,CHEMBL308339,1400000.0,6.146128035678238
198.18099999999998,1.81536,1,3,2,1,84.88000000000001,0.0,CHEMBL78174,430000.0,5.633468455579586
511.9450000000004,2.895500000000001,4,7,7,3,124.26999999999998,0.25,CHEMBL302552,22.0,1.3424226808222062
218.16799999999998,1.1196599999999999,4,6,1,1,128.5,0.0,CHEMBL309598,13500.0,4.1303337684950066
200.19699999999997,1.8313599999999997,1,4,2,1,77.03999999999999,0.09090909090909091,CHEMBL78302,250000.0,5.3979400086720375
559.6300000000002,4.824820000000003,3,6,6,5,117.16999999999999,0.1875,CHEMBL67057,4.5,0.6532125137753437
559.6300000000002,4.824820000000003,3,6,6,5,117.16999999999999,0.1875,CHEMBL67057,100.0,2.0
250.30500000000004,2.8241000000000014,2,4,3,3,63.83,0.06666666666666667,CHEMBL332096,508.0,2.7058637122839193
215.16799999999995,1.7309599999999998,1,5,2,1,110.95,0.0,CHEMBL77387,450000.0,5.653212513775344
526.0160000000002,4.5219400000000025,4,6,9,3,115.04,0.3076923076923077,CHEMBL432903,200.0,2.3010299956639813
495.94600000000037,3.5295200000000015,3,6,4,3,106.24999999999997,0.25,CHEMBL69964,210.0,2.322219294733919
470.53300000000024,3.3105200000000012,3,6,4,3,112.24,0.3076923076923077,CHEMBL65848,1410.0,3.1492191126553797
470.53300000000024,3.3105200000000012,3,6,4,3,112.24,0.3076923076923077,CHEMBL65848,5000.0,3.6989700043360187
470.53300000000024,3.3105200000000012,3,6,4,3,112.24,0.3076923076923077,CHEMBL65848,4320.0,3.635483746814912
191.161,1.8172799999999998,1,2,2,1,61.09,0.0,CHEMBL78184,833000.0,5.920645001406788
201.18099999999998,1.49068,1,3,3,1,78.16,0.0,CHEMBL76985,47000.0,4.672097857935717
180.159,1.1956,3,3,2,1,77.76,0.0,CHEMBL145,1200000.0,6.079181246047625
525.9720000000001,3.203920000000001,4,7,7,3,124.27000000000001,0.28,CHEMBL69629,6.5,0.8129133566428556
525.9720000000001,3.203920000000001,4,7,7,3,124.27000000000001,0.28,CHEMBL69629,40.0,1.6020599913279623
525.9720000000001,3.203920000000001,4,7,7,3,124.27000000000001,0.28,CHEMBL69629,2050.0,3.311753861055754
250.30499999999998,2.9799000000000007,1,4,2,3,55.040000000000006,0.06666666666666667,CHEMBL136492,8400.0,3.9242792860618816
233.22299999999998,1.78248,2,4,3,1,90.55,0.16666666666666666,CHEMBL77197,1100000.0,6.041392685158225
170.171,1.82276,1,3,1,1,67.81,0.0,CHEMBL305695,560000.0,5.748188027006201
422.48900000000026,2.0685199999999995,2,6,3,2,103.44999999999999,0.45454545454545453,CHEMBL68258,20000.0,4.301029995663981
172.187,1.5980599999999998,1,3,2,1,67.81,0.2,CHEMBL76587,6500000.0,6.812913356642856
184.19799999999998,2.1257600000000005,0,3,2,1,56.809999999999995,0.09090909090909091,CHEMBL77456,1250000.0,6.096910013008056
509.97300000000024,3.919620000000001,3,6,5,3,106.25,0.28,CHEMBL66570,13.0,1.1139433523068367
509.97300000000024,3.919620000000001,3,6,5,3,106.25,0.28,CHEMBL66570,200.0,2.3010299956639813
509.97300000000024,3.919620000000001,3,6,5,3,106.25,0.28,CHEMBL66570,7500.0,3.8750612633917
188.18599999999998,0.7844799999999998,2,3,2,1,87.10999999999999,0.0,CHEMBL308048,800000.0,5.903089986991944
182.182,1.9296599999999997,0,3,2,1,64.65,0.0,CHEMBL311119,60000.0,4.778151250383644
186.17,1.52836,2,4,1,1,88.04,0.0,CHEMBL76905,37000.0,4.568201724066995
203.19699999999997,1.68678,1,3,3,1,70.32,0.09090909090909091,CHEMBL77524,833000.0,5.920645001406788
413.7960000000001,3.8401200000000006,4,5,4,3,120.0,0.05263157894736842,CHEMBL305194,29.0,1.462397997898956
413.7960000000001,3.8401200000000006,4,5,4,3,120.0,0.05263157894736842,CHEMBL305194,5000.0,3.6989700043360187
413.7960000000001,3.8401200000000006,4,5,4,3,120.0,0.05263157894736842,CHEMBL305194,50000.0,4.698970004336019
219.196,1.39238,2,4,3,1,90.55,0.09090909090909091,CHEMBL307250,325000.0,5.511883360978874
216.196,1.53696,2,5,2,1,97.27,0.09090909090909091,CHEMBL80155,6000.0,3.7781512503836434
270.72300000000007,3.609000000000001,2,4,2,3,63.83,0.0,CHEMBL343352,200.0,2.3010299956639813
315.17400000000004,3.7181000000000015,2,4,2,3,63.83,0.0,CHEMBL52765,44.0,1.6434526764861874
200.197,2.0114600000000005,1,4,2,1,77.03999999999999,0.09090909090909091,CHEMBL311564,450000.0,5.653212513775344
205.16899999999998,1.0893799999999998,3,4,2,1,101.55,0.0,CHEMBL76642,75000.0,4.8750612633917
441.8500000000001,4.1591200000000015,4,5,6,3,120.0,0.14285714285714285,CHEMBL308645,4.7,0.6720978579357175
560.6180000000002,4.219820000000002,3,7,6,5,130.06,0.1935483870967742,CHEMBL67003,1.8,0.25527250510330607
560.6180000000002,4.219820000000002,3,7,6,5,130.06,0.1935483870967742,CHEMBL67003,100.0,2.0
269.25999999999993,1.9204599999999998,2,4,5,1,113.98,0.14285714285714285,CHEMBL307248,640000.0,5.8061799739838875
186.174,1.20726,2,5,2,1,92.2,0.0,CHEMBL310958,225000.0,5.352182518111363
198.18099999999995,1.84586,0,4,1,1,66.04,0.09090909090909091,CHEMBL78005,350000.0,5.544068044350276
371.242,4.696200000000003,1,5,4,3,65.77,0.125,CHEMBL134312,11.0,1.0413926851582251
300.402,3.4696800000000017,2,3,8,1,87.11,0.4444444444444444,CHEMBL77243,55000.0,4.740362689494244
282.259,1.27334,3,7,3,1,147.07999999999998,0.07142857142857142,CHEMBL80745,1200.0,3.0791812460476247
224.219,2.2149599999999996,1,3,3,1,84.88000000000001,0.0,CHEMBL77778,450000.0,5.653212513775344
495.9460000000001,3.5295200000000007,3,6,4,3,106.25,0.25,CHEMBL305246,2.8,0.4471580313422192
495.9460000000001,3.5295200000000007,3,6,4,3,106.25,0.25,CHEMBL305246,100.0,2.0
495.9460000000001,3.5295200000000007,3,6,4,3,106.25,0.25,CHEMBL305246,750.0,2.8750612633917
497.5590000000004,2.3927199999999997,4,7,7,3,124.27000000000001,0.25925925925925924,CHEMBL69966,18.0,1.255272505103306
497.5590000000004,2.3927199999999997,4,7,7,3,124.27000000000001,0.25925925925925924,CHEMBL69966,40.0,1.6020599913279623
497.5590000000004,2.3927199999999997,4,7,7,3,124.27000000000001,0.25925925925925924,CHEMBL69966,620.0,2.792391689498254
370.4560000000002,5.587900000000003,1,4,4,4,65.96000000000001,0.21739130434782608,CHEMBL47940,3200.0,3.505149978319906
171.15899999999996,0.75056,0,3,1,1,74.52,0.0,CHEMBL57712,1300000.0,6.113943352306837
200.197,1.8313599999999997,1,4,2,1,77.03999999999999,0.09090909090909091,CHEMBL77869,200000.0,5.301029995663981
511.9890000000001,4.213520000000002,4,6,9,3,115.04000000000002,0.28,CHEMBL69358,1.2,0.07918124604762482
511.9890000000001,4.213520000000002,4,6,9,3,115.04000000000002,0.28,CHEMBL69358,200.0,2.3010299956639813
511.9890000000001,4.213520000000002,4,6,9,3,115.04000000000002,0.28,CHEMBL69358,1290.0,3.110589710299249
292.34600000000006,4.090720000000002,2,5,4,3,74.56,0.125,CHEMBL137189,200.0,2.3010299956639813
357.2150000000001,4.544800000000002,2,5,4,3,74.56,0.06666666666666667,CHEMBL137617,39.0,1.591064607026499
306.373,3.802200000000002,1,5,5,3,65.77,0.17647058823529413,CHEMBL137027,482.0,2.6830470382388496
268.23199999999997,0.9703399999999998,4,7,2,1,158.07999999999998,0.0,CHEMBL78257,800.0,2.9030899869919438
243.17799999999994,1.7540600000000002,0,6,2,1,109.18,0.09090909090909091,CHEMBL76082,560000.0,5.748188027006201
173.17099999999996,1.6781799999999996,1,2,2,1,61.09,0.0,CHEMBL77595,850000.0,5.929418925714293
252.233,1.2647399999999998,3,6,2,1,137.85,0.0,CHEMBL309334,2500.0,3.3979400086720375
143.14899999999997,1.4452599999999998,1,2,1,1,63.37,0.0,CHEMBL310514,260000.0,5.414973347970818
495.9460000000002,3.5295200000000007,3,6,4,3,106.25,0.25,CHEMBL304971,410.0,2.6127838567197355
509.97300000000024,3.9643200000000016,4,6,4,3,115.04,0.28,CHEMBL69071,5.9,0.7708520116421442
509.97300000000024,3.9643200000000016,4,6,4,3,115.04,0.28,CHEMBL69071,2580.0,3.41161970596323
414.3110000000001,4.476600000000003,2,6,7,3,77.80000000000001,0.2222222222222222,CHEMBL137534,38.0,1.5797835966168101
292.34600000000006,3.650800000000002,2,5,5,3,74.56,0.125,CHEMBL137788,335.0,2.525044807036845
397.84100000000007,4.4746400000000035,2,4,3,3,73.91,0.15,CHEMBL69709,20000.0,4.301029995663981
433.31300000000016,6.115200000000003,2,5,6,4,74.56,0.047619047619047616,CHEMBL424093,25.0,1.3979400086720377
220.253,1.2908799999999998,3,4,2,1,90.27,0.0,CHEMBL77030,2400.0,3.380211241711606
282.387,4.417760000000005,1,3,1,1,67.81,0.4444444444444444,CHEMBL78150,460000.0,5.662757831681574
355.76000000000005,3.8335000000000017,3,4,3,3,82.69999999999999,0.0,CHEMBL69106,20000.0,4.301029995663981
602.6990000000002,4.4144200000000025,4,7,9,5,129.20000000000002,0.23529411764705882,CHEMBL264382,1.1,0.04139268515822508
602.6990000000002,4.4144200000000025,4,7,9,5,129.20000000000002,0.23529411764705882,CHEMBL264382,200.0,2.3010299956639813
602.6990000000002,4.4144200000000025,4,7,9,5,129.20000000000002,0.23529411764705882,CHEMBL264382,1950.0,3.290034611362518
208.16899999999998,0.9448000000000001,3,3,3,1,94.83,0.0,CHEMBL308133,1500000.0,6.176091259055681
245.194,1.73956,1,6,3,1,120.17999999999999,0.09090909090909091,CHEMBL307179,160000.0,5.204119982655925
455.8770000000003,4.467540000000002,4,5,6,3,120.00000000000001,0.18181818181818182,CHEMBL305782,180.0,2.255272505103306
511.9890000000001,4.213520000000002,4,6,9,3,115.04000000000002,0.28,CHEMBL308672,450.0,2.6532125137753435
511.9890000000001,4.213520000000002,4,6,9,3,115.04000000000002,0.28,CHEMBL308672,500.0,2.6989700043360187
306.3730000000001,4.2421200000000026,1,5,4,3,65.77,0.17647058823529413,CHEMBL133023,24.0,1.380211241711606
170.17099999999996,1.8227599999999997,1,3,1,1,67.81,0.0,CHEMBL310400,375000.0,5.574031267727719
401.2680000000001,4.561400000000003,2,6,7,3,83.79,0.17647058823529413,CHEMBL136674,71.0,1.8512583487190752
205.16899999999998,1.0893799999999998,3,4,2,1,101.55,0.0,CHEMBL73820,25000.0,4.3979400086720375
186.17,1.7084599999999999,2,4,1,1,88.04,0.0,CHEMBL79064,230000.0,5.361727836017593
331.129,2.027240000000001,3,6,2,1,137.85,0.0,CHEMBL77803,500.0,2.6989700043360187
145.161,1.9289799999999997,1,2,1,1,44.019999999999996,0.0,CHEMBL75718,2400000.0,6.380211241711606
279.093,2.5938600000000007,1,4,2,1,77.03999999999999,0.09090909090909091,CHEMBL77298,153000.0,5.184691430817598
442.5150000000003,5.079000000000003,3,3,6,3,91.42,0.25925925925925924,CHEMBL432941,8880.0,3.948412965778601
366.4170000000002,3.4120000000000017,3,3,5,2,91.42,0.3333333333333333,CHEMBL420609,100000.0,5.0
370.45200000000017,5.061800000000003,2,2,3,3,54.12,0.20833333333333334,CHEMBL419682,100000.0,5.0
519.4320000000004,6.664680000000005,1,6,6,4,70.41,0.21428571428571427,CHEMBL322395,3000.0,3.4771212547196626
370.4520000000002,5.061800000000003,2,2,3,3,54.12,0.20833333333333334,CHEMBL88462,100000.0,5.0
380.4000000000002,3.101600000000002,4,3,5,2,119.49000000000001,0.2857142857142857,CHEMBL431996,56500.0,4.752048447819439
294.3540000000001,3.394800000000002,2,2,2,2,54.12,0.2777777777777778,CHEMBL91250,100000.0,5.0
412.48900000000026,5.070400000000004,3,2,5,3,82.19,0.23076923076923078,CHEMBL88771,100000.0,5.0
442.5150000000004,5.079000000000003,3,3,6,3,91.42,0.25925925925925924,CHEMBL91815,100000.0,5.0
264.328,3.3862000000000023,2,1,1,2,44.89,0.23529411764705882,CHEMBL328029,100000.0,5.0
415.2870000000002,4.165900000000002,3,2,4,2,82.19,0.3,CHEMBL314995,100000.0,5.0
343.4080000000002,2.0336000000000003,3,3,2,2,105.05000000000001,0.23529411764705882,CHEMBL88483,100000.0,5.0
340.4260000000002,5.053200000000004,2,1,2,3,44.89,0.17391304347826086,CHEMBL313746,100000.0,5.0
296.326,2.8330200000000003,3,2,4,2,82.19,0.17647058823529413,CHEMBL89363,100000.0,5.0
238.29000000000002,3.1242400000000004,2,1,1,2,44.89,0.13333333333333333,CHEMBL276711,100000.0,5.0
370.45200000000017,5.061800000000003,2,2,3,3,54.12,0.20833333333333334,CHEMBL313500,100000.0,5.0
308.33700000000016,3.0844000000000014,3,2,2,2,82.19,0.2222222222222222,CHEMBL89010,100000.0,5.0
415.4710000000003,2.0508,4,4,5,2,142.35000000000002,0.3,CHEMBL86531,29100.0,4.463892988985907
336.39100000000025,3.403400000000002,3,2,4,2,82.19,0.3,CHEMBL315753,100000.0,5.0
343.22400000000016,4.1487000000000025,2,1,1,2,44.89,0.23529411764705882,CHEMBL88606,100000.0,5.0
442.5150000000004,5.079000000000003,3,3,6,3,91.42,0.25925925925925924,CHEMBL313821,100000.0,5.0
341.45500000000015,4.059400000000003,3,4,4,1,70.23,0.6,CHEMBL266969,50000.0,4.698970004336019
441.3330000000001,3.6115000000000013,1,6,7,3,74.25,0.2,CHEMBL138691,4.2,0.6232492903979004
441.3330000000001,3.6115000000000013,1,6,7,3,74.25,0.2,CHEMBL138691,2282.0,3.358315640082196
280.33500000000004,2.53782,1,6,3,3,66.83000000000001,0.2,CHEMBL52829,4.0,0.6020599913279624
271.71100000000007,3.1252200000000014,1,5,2,3,63.59,0.07692307692307693,CHEMBL52823,380.0,2.57978359661681
405.45700000000016,5.974400000000004,2,4,5,4,61.440000000000005,0.0,CHEMBL8000,100000.0,5.0
405.45700000000016,5.974400000000004,2,4,5,4,61.440000000000005,0.0,CHEMBL8000,50000.0,4.698970004336019
496.40900000000005,4.377200000000003,1,6,8,3,70.59,0.2916666666666667,CHEMBL139307,3.3,0.5185139398778874
496.40900000000005,4.377200000000003,1,6,8,3,70.59,0.2916666666666667,CHEMBL139307,194.0,2.287801729930226
411.2920000000001,5.528800000000003,1,4,4,4,59.81,0.09523809523809523,CHEMBL322298,200.0,2.3010299956639813
476.1610000000001,5.8084000000000024,1,4,3,4,59.81,0.05,CHEMBL111434,670.0,2.8260748027008264
427.2910000000001,5.054500000000003,1,5,4,4,69.03999999999999,0.09523809523809523,CHEMBL111197,30.0,1.4771212547196624
631.6100000000001,9.280799999999996,2,4,7,6,68.06,0.0625,CHEMBL291667,100000.0,5.0
412.39200000000017,5.0252000000000026,2,6,6,3,76.66000000000001,0.09090909090909091,CHEMBL8091,100000.0,5.0
540.4220000000001,2.8641000000000005,3,8,9,3,121.37,0.2916666666666667,CHEMBL136058,0.81,-0.09151498112135022
540.4220000000001,2.8641000000000005,3,8,9,3,121.37,0.2916666666666667,CHEMBL136058,8.8,0.9444826721501687
540.4220000000001,2.8641000000000005,3,8,9,3,121.37,0.2916666666666667,CHEMBL136058,8.8,0.9444826721501687
403.3130000000003,5.0469000000000035,1,4,3,3,59.81,0.35,CHEMBL113128,50000.0,4.698970004336019
332.16100000000006,2.9345,1,6,3,3,72.82000000000001,0.07692307692307693,CHEMBL51854,3.8,0.5797835966168101
446.9100000000004,4.275600000000003,1,7,8,3,68.74000000000001,0.36363636363636365,CHEMBL939,515.0,2.711807229041191
417.46500000000026,3.8817800000000027,1,7,10,3,85.63000000000001,0.25,CHEMBL95320,850.0,2.929418925714293
363.4630000000001,4.872600000000003,1,4,4,3,46.17,0.0,CHEMBL8271,100000.0,5.0
252.28100000000003,2.0540199999999995,2,6,2,3,89.61,0.07692307692307693,CHEMBL298931,17.0,1.2304489213782739
622.7719999999999,7.991200000000005,2,6,9,6,86.52000000000001,0.11764705882352941,CHEMBL292323,6500.0,3.8129133566428557
273.28799999999995,2.4965,3,5,4,2,78.79,0.13333333333333333,CHEMBL334334,9000.0,3.9542425094393248
273.244,2.2521999999999998,4,5,3,2,110.35000000000001,0.0,CHEMBL316764,100000.0,5.0
558.8690000000005,5.235100000000005,2,7,9,3,88.61,0.2916666666666667,CHEMBL545315,1.5,0.17609125905568124
558.8690000000005,5.235100000000005,2,7,9,3,88.61,0.2916666666666667,CHEMBL545315,7.4,0.8692317197309762
558.8690000000005,5.235100000000005,2,7,9,3,88.61,0.2916666666666667,CHEMBL545315,7.4,0.8692317197309762
428.2790000000001,4.449500000000002,1,6,4,4,81.92999999999999,0.1,CHEMBL111365,1300.0,3.113943352306837
266.308,2.5135200000000006,2,6,3,3,75.62,0.14285714285714285,CHEMBL52591,4.3,0.6334684555795865
590.7740000000001,8.590840000000002,2,4,7,6,68.06,0.11764705882352941,CHEMBL64459,100000.0,5.0
301.29800000000006,2.6436,2,6,4,2,88.35000000000001,0.125,CHEMBL129989,100000.0,5.0
273.28800000000007,2.4965000000000006,3,5,4,2,78.79,0.13333333333333333,CHEMBL132907,20000.0,4.301029995663981
325.32700000000006,3.839200000000001,3,2,0,5,77.75,0.0,CHEMBL268368,100000.0,5.0
442.2730000000001,3.588700000000001,2,7,6,3,106.10000000000001,0.10526315789473684,CHEMBL422292,1.5,0.17609125905568124
442.2730000000001,3.588700000000001,2,7,6,3,106.10000000000001,0.10526315789473684,CHEMBL422292,51.0,1.7075701760979363
412.28000000000014,4.309400000000003,1,5,4,4,72.7,0.1,CHEMBL110034,5000.0,3.6989700043360187
441.31800000000015,5.3629200000000035,1,5,4,4,69.03999999999999,0.13636363636363635,CHEMBL113023,250.0,2.3979400086720375
444.3370000000004,3.0601000000000003,2,8,7,3,88.09,0.3684210526315789,CHEMBL417420,2.9,0.4623979978989561
562.7200000000003,7.9740000000000055,2,4,7,6,68.06,0.0625,CHEMBL304414,10000.0,4.0
489.4510000000003,4.131900000000003,1,6,8,3,66.28999999999999,0.4583333333333333,CHEMBL106232,4500.0,3.6532125137753435
427.29100000000017,4.538200000000003,2,5,4,4,80.04,0.09523809523809523,CHEMBL327127,90.0,1.954242509439325
430.31000000000034,2.67,2,8,6,3,88.09,0.3333333333333333,CHEMBL294475,0.81,-0.09151498112135022
430.31000000000034,2.67,2,8,6,3,88.09,0.3333333333333333,CHEMBL294475,3.1,0.4913616938342727
327.3430000000001,3.216400000000001,3,2,2,4,77.75,0.0,CHEMBL266487,50000.0,4.698970004336019
618.8280000000002,7.946600000000007,4,4,13,6,89.78,0.16666666666666666,CHEMBL293261,850.0,2.929418925714293
252.28100000000003,2.2051,2,6,3,3,75.62,0.07692307692307693,CHEMBL53310,13.0,1.1139433523068367
361.3570000000001,3.4686000000000003,5,6,4,3,110.69000000000001,0.0,CHEMBL267019,2500.0,3.3979400086720375
369.22200000000004,4.260400000000002,2,4,4,3,66.91,0.0,CHEMBL285063,0.7,-0.1549019599857432
369.22200000000004,4.260400000000002,2,4,4,3,66.91,0.0,CHEMBL285063,2.7,0.43136376415898736
384.2370000000001,4.045500000000002,2,5,4,3,79.8,0.058823529411764705,CHEMBL136404,0.5,-0.3010299956639812
384.2370000000001,4.045500000000002,2,5,4,3,79.8,0.058823529411764705,CHEMBL136404,7.7,0.8864907251724818
411.29200000000014,4.914400000000003,1,4,4,4,59.81,0.09523809523809523,CHEMBL113356,50000.0,4.698970004336019
612.7400000000001,7.717360000000005,2,6,7,6,115.63999999999999,0.058823529411764705,CHEMBL291979,54100.0,4.733197265106569
594.7180000000003,7.3852000000000055,4,6,7,6,108.52000000000001,0.0625,CHEMBL62843,100000.0,5.0
296.39500000000004,3.3602000000000016,1,2,2,2,32.34,0.17647058823529413,CHEMBL63009,100000.0,5.0
357.41300000000007,4.106000000000003,1,4,4,3,52.65,0.09090909090909091,CHEMBL267941,50000.0,4.698970004336019
384.2370000000001,3.679700000000002,1,5,4,3,71.01,0.058823529411764705,CHEMBL334697,0.17,-0.769551078621726
384.2370000000001,3.679700000000002,1,5,4,3,71.01,0.058823529411764705,CHEMBL334697,13.0,1.1139433523068367
526.4390000000001,3.8737000000000013,3,7,11,3,112.14,0.2916666666666667,CHEMBL434827,0.73,-0.1366771398795441
526.4390000000001,3.8737000000000013,3,7,11,3,112.14,0.2916666666666667,CHEMBL434827,21.0,1.3222192947339193
526.4390000000001,3.8737000000000013,3,7,11,3,112.14,0.2916666666666667,CHEMBL434827,21.0,1.3222192947339193
590.7740000000001,8.590840000000002,2,4,7,6,68.06,0.11764705882352941,CHEMBL292287,100000.0,5.0
652.7140000000003,7.790400000000005,2,8,9,6,154.34,0.0625,CHEMBL64430,5000.0,3.6989700043360187
678.7919999999999,7.8246000000000056,2,8,9,6,120.66000000000003,0.1111111111111111,CHEMBL64068,100000.0,5.0
316.81300000000005,3.839500000000002,1,2,2,2,32.34,0.125,CHEMBL62067,100000.0,5.0
296.3950000000001,4.1525000000000025,1,2,3,3,34.03,0.11764705882352941,CHEMBL64814,100000.0,5.0
497.39700000000005,3.7722000000000024,1,7,8,3,83.48,0.30434782608695654,CHEMBL137082,2.7,0.43136376415898736
497.39700000000005,3.7722000000000024,1,7,8,3,83.48,0.30434782608695654,CHEMBL137082,156.0,2.1931245983544616
349.22100000000006,3.3683000000000023,0,4,2,3,51.02,0.1875,CHEMBL299347,50000.0,4.698970004336019
457.3170000000002,5.063100000000004,1,6,5,4,78.27,0.13636363636363635,CHEMBL324926,330.0,2.5185139398778875
336.58000000000004,3.579300000000001,1,5,2,3,63.59,0.0,CHEMBL53311,82.0,1.9138138523837167
282.36800000000005,3.1861000000000015,1,2,2,2,32.34,0.125,CHEMBL62176,1000.0,3.0
257.245,2.546600000000001,3,4,3,2,90.12,0.0,CHEMBL130694,20000.0,4.301029995663981
273.28800000000007,2.4965000000000006,3,5,4,2,78.79,0.13333333333333333,CHEMBL423159,21000.0,4.3222192947339195
363.2480000000001,4.122600000000003,1,4,3,3,59.81,0.23529411764705882,CHEMBL109759,5000.0,3.6989700043360187
331.177,2.967600000000001,2,6,3,3,75.62,0.07692307692307693,CHEMBL299622,0.76,-0.11918640771920865
331.177,2.967600000000001,2,6,3,3,75.62,0.07692307692307693,CHEMBL299622,30.0,1.4771212547196624
384.2370000000001,4.045500000000002,2,5,4,3,79.8,0.058823529411764705,CHEMBL138363,1.6,0.2041199826559248
384.2370000000001,4.045500000000002,2,5,4,3,79.8,0.058823529411764705,CHEMBL138363,44.0,1.6434526764861874
383.2490000000001,4.650500000000003,2,4,4,3,66.91,0.05555555555555555,CHEMBL93464,0.55,-0.2596373105057561
383.2490000000001,4.650500000000003,2,4,4,3,66.91,0.05555555555555555,CHEMBL93464,8.7,0.9395192526186185
317.15000000000003,2.5081000000000007,2,6,2,3,89.61,0.0,CHEMBL53831,1.5,0.17609125905568124
365.44100000000026,2.2159199999999997,2,8,6,3,88.09,0.3684210526315789,CHEMBL299881,2.3,0.36172783601759284
257.684,2.8168000000000006,1,5,2,3,63.59,0.0,CHEMBL50027,2550.0,3.406540180433955
485.9470000000004,4.391500000000003,2,7,9,3,88.61,0.2916666666666667,CHEMBL31965,74.0,1.8692317197309762
441.2850000000001,4.193700000000002,2,6,6,3,93.21000000000001,0.1,CHEMBL344486,2.7,0.43136376415898736
441.2850000000001,4.193700000000002,2,6,6,3,93.21000000000001,0.1,CHEMBL344486,64.0,1.806179973983887
513.9610000000004,2.894100000000001,3,8,9,3,121.37,0.2916666666666667,CHEMBL138940,0.61,-0.21467016498923297
513.9610000000004,2.894100000000001,3,8,9,3,121.37,0.2916666666666667,CHEMBL138940,14.0,1.146128035678238
513.9610000000004,2.894100000000001,3,8,9,3,121.37,0.2916666666666667,CHEMBL138940,14.0,1.146128035678238
413.2640000000001,4.751500000000003,2,5,3,4,80.04,0.05,CHEMBL321193,150.0,2.1760912590556813
511.4090000000003,5.931700000000005,1,6,8,4,86.11,0.23076923076923078,CHEMBL419022,700.0,2.845098040014257
411.26700000000017,3.3035999999999994,3,7,6,4,104.30000000000001,0.11764705882352941,CHEMBL53426,0.25,-0.6020599913279624
411.26700000000017,3.3035999999999994,3,7,6,4,104.30000000000001,0.11764705882352941,CHEMBL53426,5.1,0.7075701760979364
344.216,3.5969000000000015,1,5,3,3,53.94,0.13333333333333333,CHEMBL53711,2.6,0.414973347970818
344.216,3.5969000000000015,1,5,3,3,53.94,0.13333333333333333,CHEMBL53711,12.0,1.0791812460476249
404.6550000000001,4.2219000000000015,2,5,4,3,79.8,0.0,CHEMBL344177,0.69,-0.16115090926274472
404.6550000000001,4.2219000000000015,2,5,4,3,79.8,0.0,CHEMBL344177,20.0,1.3010299956639813
411.25900000000007,4.2196000000000025,2,5,5,3,83.98,0.05263157894736842,CHEMBL136178,1.2,0.07918124604762482
411.25900000000007,4.2196000000000025,2,5,5,3,83.98,0.05263157894736842,CHEMBL136178,1039.0,3.016615547557177
405.2770000000001,4.0211000000000015,2,5,5,3,83.98,0.0,CHEMBL136511,1.4,0.146128035678238
405.2770000000001,4.0211000000000015,2,5,5,3,83.98,0.0,CHEMBL136511,2.7,0.43136376415898736
346.398,2.84952,3,7,6,4,104.30000000000001,0.16666666666666666,CHEMBL416307,3.0,0.47712125471966244
590.774,8.590840000000002,2,4,7,6,68.06,0.11764705882352941,CHEMBL64165,100000.0,5.0
257.245,2.5465999999999998,3,4,3,2,90.12,0.0,CHEMBL130116,20000.0,4.301029995663981
270.24,2.576800000000001,3,5,1,3,90.9,0.0,CHEMBL44,1000.0,3.0
512.412,3.117800000000001,2,7,9,3,103.35000000000001,0.2608695652173913,CHEMBL136102,1.45,0.16136800223497488
512.412,3.117800000000001,2,7,9,3,103.35000000000001,0.2608695652173913,CHEMBL136102,193.0,2.285557309007774
391.25000000000006,3.448100000000002,1,6,4,3,84.84,0.0,CHEMBL336264,0.43,-0.36653154442041347
391.25000000000006,3.448100000000002,1,6,4,3,84.84,0.0,CHEMBL336264,500.0,2.6989700043360187
427.2910000000001,5.054500000000003,1,5,4,4,69.03999999999999,0.09523809523809523,CHEMBL104153,220.0,2.342422680822206
330.1890000000001,3.5726000000000013,2,5,3,3,62.730000000000004,0.07142857142857142,CHEMBL53156,3.1,0.4913616938342727
330.1890000000001,3.5726000000000013,2,5,3,3,62.730000000000004,0.07142857142857142,CHEMBL53156,20.0,1.3010299956639813
509.96900000000045,4.868180000000005,2,7,9,3,99.51,0.2692307692307692,CHEMBL95774,80.0,1.9030899869919435
287.271,2.3406000000000007,3,6,3,2,99.35000000000001,0.06666666666666667,CHEMBL130893,10000.0,4.0
259.26099999999997,2.4081,4,4,4,2,89.79,0.07142857142857142,CHEMBL129907,20000.0,4.301029995663981
289.28700000000003,2.2021,4,6,4,2,99.02000000000001,0.13333333333333333,CHEMBL131653,9000.0,3.9542425094393248
329.35900000000004,4.057400000000001,3,4,4,3,70.23,0.0,CHEMBL268868,300.0,2.4771212547196626
329.35900000000004,4.057400000000001,3,4,4,3,70.23,0.0,CHEMBL268868,4500.0,3.6532125137753435
389.4110000000001,4.074600000000001,3,6,6,3,88.69,0.09090909090909091,CHEMBL7352,50000.0,4.698970004336019
389.4110000000001,4.074600000000001,3,6,6,3,88.69,0.09090909090909091,CHEMBL7352,100000.0,5.0
343.3860000000001,4.081700000000002,2,4,4,3,61.440000000000005,0.047619047619047616,CHEMBL7775,8700.0,3.9395192526186187
343.3860000000001,4.081700000000002,2,4,4,3,61.440000000000005,0.047619047619047616,CHEMBL7775,100000.0,5.0
376.41200000000015,4.747000000000003,2,6,6,3,76.66000000000001,0.09090909090909091,CHEMBL8222,100000.0,5.0
344.216,3.5969000000000015,1,5,3,3,53.94,0.13333333333333333,CHEMBL53711,0.006,-2.221848749616356
344.216,3.5969000000000015,1,5,3,3,53.94,0.13333333333333333,CHEMBL53711,21.0,1.3222192947339193
590.7740000000001,8.590840000000002,2,4,7,6,68.06,0.11764705882352941,CHEMBL60200,100000.0,5.0
678.792,7.824600000000006,2,8,9,6,120.66000000000003,0.1111111111111111,CHEMBL61119,5300.0,3.724275869600789
404.5600000000002,6.371100000000004,1,3,6,4,34.03,0.08695652173913043,CHEMBL64231,100000.0,5.0
409.2650000000001,2.2969,2,7,5,3,105.07000000000001,0.13333333333333333,CHEMBL335440,93.5,1.9708116108725178
455.3010000000002,4.673000000000004,2,5,5,4,97.11,0.09090909090909091,CHEMBL50647,220.0,2.342422680822206
427.2910000000001,5.054500000000003,1,5,4,4,69.03999999999999,0.09523809523809523,CHEMBL320705,66.0,1.8195439355418688
425.2940000000002,3.6246,2,7,7,4,93.44,0.16666666666666666,CHEMBL51228,2.3,0.36172783601759284
271.272,2.635000000000001,2,5,3,2,79.12,0.06666666666666667,CHEMBL130117,10000.0,4.0
303.3140000000001,2.5051000000000005,3,6,5,2,88.02000000000001,0.1875,CHEMBL129930,9500.0,3.9777236052888476
448.3540000000004,3.4365000000000014,1,6,6,3,72.28,0.38095238095238093,CHEMBL48172,5000.0,3.6989700043360187
435.3110000000003,4.359200000000002,2,5,8,3,97.11,0.3,CHEMBL113863,1000.0,3.0
393.4430000000002,3.405100000000002,1,7,10,3,74.73000000000002,0.2727272727272727,CHEMBL553,1450.0,3.161368002234975
283.35600000000005,2.581100000000001,1,3,2,2,45.230000000000004,0.13333333333333333,CHEMBL62699,100000.0,5.0
383.249,4.650500000000003,2,4,4,3,66.91,0.05555555555555555,CHEMBL92086,1.2,0.07918124604762482
383.249,4.650500000000003,2,4,4,3,66.91,0.05555555555555555,CHEMBL92086,16.0,1.2041199826559248
441.27400000000017,4.744100000000002,2,5,4,4,97.11,0.047619047619047616,CHEMBL109631,190.0,2.278753600952829
343.228,4.201900000000003,1,4,3,3,41.050000000000004,0.125,CHEMBL52015,84.0,1.9242792860618816
344.216,3.5969000000000015,1,5,3,3,53.940000000000005,0.13333333333333333,CHEMBL53796,9.6,0.9822712330395684
344.216,3.5969000000000015,1,5,3,3,53.940000000000005,0.13333333333333333,CHEMBL53796,32.0,1.505149978319906
316.16200000000003,3.113100000000001,2,5,2,3,76.72,0.0,CHEMBL51853,0.13,-0.8860566476931632
316.16200000000003,3.113100000000001,2,5,2,3,76.72,0.0,CHEMBL51853,16.0,1.2041199826559248
622.772,7.9912000000000045,2,6,9,6,86.52000000000001,0.11764705882352941,CHEMBL294205,100000.0,5.0
594.7180000000003,7.3852000000000055,4,6,7,6,108.52000000000001,0.0625,CHEMBL293913,44000.0,4.643452676486188
289.28700000000003,2.2021,4,6,4,2,99.02000000000001,0.13333333333333333,CHEMBL133283,10000.0,4.0
357.4130000000001,4.674240000000003,3,4,4,3,70.22999999999999,0.09090909090909091,CHEMBL7914,2500.0,3.3979400086720375
357.4130000000001,4.674240000000003,3,4,4,3,70.22999999999999,0.09090909090909091,CHEMBL7914,4500.0,3.6532125137753435
481.5550000000002,7.391400000000005,3,4,6,5,70.23,0.0,CHEMBL7929,50000.0,4.698970004336019
481.5550000000002,7.391400000000005,3,4,6,5,70.23,0.0,CHEMBL7929,100000.0,5.0
498.3850000000001,3.0935000000000006,3,7,9,3,112.14,0.22727272727272727,CHEMBL334801,1.1,0.04139268515822508
498.3850000000001,3.0935000000000006,3,7,9,3,112.14,0.22727272727272727,CHEMBL334801,57.0,1.7558748556724915
498.3850000000001,3.0935000000000006,3,7,9,3,112.14,0.22727272727272727,CHEMBL334801,57.0,1.7558748556724915
365.22000000000014,2.7065000000000006,2,5,4,3,80.04,0.1875,CHEMBL111618,5000.0,3.6989700043360187
398.2530000000001,4.440900000000003,1,5,3,4,72.7,0.05263157894736842,CHEMBL325589,510.0,2.7075701760979363
470.9320000000004,4.752280000000004,1,7,8,3,79.64,0.3333333333333333,CHEMBL99024,1040.0,3.0170333392987803
678.792,7.824600000000006,2,8,9,6,120.66000000000003,0.1111111111111111,CHEMBL59812,20000.0,4.301029995663981
273.28800000000007,2.4965000000000006,3,5,4,2,78.79,0.13333333333333333,CHEMBL130337,10000.0,4.0
446.3080000000001,5.182800000000003,2,5,5,4,79.8,0.0,CHEMBL434828,9.1,0.9590413923210935
446.3080000000001,5.182800000000003,2,5,5,4,79.8,0.0,CHEMBL434828,77.0,1.8864907251724818
321.1670000000001,2.8845,1,4,1,3,73.8,0.07142857142857142,CHEMBL49596,5600.0,3.7481880270062002
331.17300000000006,3.539500000000002,1,5,3,3,59.93000000000001,0.07142857142857142,CHEMBL50519,4.3,0.6334684555795865
598.7000000000003,8.252200000000002,2,4,7,6,68.06,0.0625,CHEMBL63455,100000.0,5.0
594.7180000000003,7.3852000000000055,4,6,7,6,108.52000000000001,0.0625,CHEMBL293250,40500.0,4.607455023214668
564.6960000000003,6.764000000000005,2,6,7,6,93.84,0.06666666666666667,CHEMBL62701,22300.0,4.348304863048161
370.21000000000004,3.655400000000002,2,5,4,3,79.8,0.0,CHEMBL51659,0.91,-0.040958607678906384
370.21000000000004,3.655400000000002,2,5,4,3,79.8,0.0,CHEMBL51659,3.4,0.5314789170422551
437.21900000000016,5.192900000000002,2,4,4,3,66.91,0.05555555555555555,CHEMBL135142,1.75,0.24303804868629444
437.21900000000016,5.192900000000002,2,4,4,3,66.91,0.05555555555555555,CHEMBL135142,35.0,1.5440680443502757
381.23300000000006,4.415500000000002,2,4,4,3,66.91,0.0,CHEMBL343722,1.6,0.2041199826559248
381.23300000000006,4.415500000000002,2,4,4,3,66.91,0.0,CHEMBL343722,120.0,2.0791812460476247
412.2800000000001,4.923800000000003,1,5,4,4,72.7,0.1,CHEMBL448154,490.0,2.690196080028514
631.6100000000001,9.280799999999996,2,4,7,6,68.06,0.0625,CHEMBL303127,100000.0,5.0
434.37100000000015,4.446100000000003,1,5,8,3,63.050000000000004,0.38095238095238093,CHEMBL50470,1400.0,3.146128035678238
475.42400000000026,3.7418000000000013,1,6,7,3,66.28999999999999,0.43478260869565216,CHEMBL104244,210.0,2.322219294733919
345.20400000000006,2.9919000000000002,1,6,3,3,66.83000000000001,0.14285714285714285,CHEMBL53777,0.95,-0.022276394711152253
345.20400000000006,2.9919000000000002,1,6,3,3,66.83000000000001,0.14285714285714285,CHEMBL53777,22.0,1.3424226808222062
631.6100000000001,9.280799999999996,2,4,7,6,68.06,0.0625,CHEMBL293889,4300.0,3.6334684555795866
698.7140000000003,10.011599999999993,2,4,7,6,68.06,0.11764705882352941,CHEMBL61278,100000.0,5.0
379.3790000000001,3.800760000000002,3,6,4,3,117.81,0.0,CHEMBL267869,100000.0,5.0
498.38100000000014,4.125500000000002,2,7,9,3,96.45,0.21739130434782608,CHEMBL140561,2.4,0.38021124171160603
498.38100000000014,4.125500000000002,2,7,9,3,96.45,0.21739130434782608,CHEMBL140561,108.0,2.03342375548695
498.38100000000014,4.125500000000002,2,7,9,3,96.45,0.21739130434782608,CHEMBL140561,108.0,2.03342375548695
375.25100000000003,3.782000000000002,1,5,4,3,73.75999999999999,0.0,CHEMBL345077,4.6,0.6627578316815741
375.25100000000003,3.782000000000002,1,5,4,3,73.75999999999999,0.0,CHEMBL345077,340.0,2.531478917042255
335.1940000000001,3.344000000000001,1,4,2,3,59.81,0.13333333333333333,CHEMBL107472,7500.0,3.8750612633917
412.28000000000014,4.309400000000003,1,5,4,4,72.7,0.1,CHEMBL326041,5000.0,3.6989700043360187
431.71000000000015,5.699300000000003,1,4,3,4,59.81,0.05,CHEMBL111247,5000.0,3.6989700043360187
396.24800000000005,4.2116000000000025,2,5,5,3,79.8,0.0,CHEMBL139044,1.1,0.04139268515822508
396.24800000000005,4.2116000000000025,2,5,5,3,79.8,0.0,CHEMBL139044,27.0,1.4313637641589874
406.2650000000001,3.416100000000001,2,6,5,3,96.87,0.0,CHEMBL139095,0.76,-0.11918640771920865
406.2650000000001,3.416100000000001,2,6,5,3,96.87,0.0,CHEMBL139095,2.4,0.38021124171160603
483.3550000000003,5.453200000000004,2,5,7,4,97.11,0.16666666666666666,CHEMBL113070,80.0,1.9030899869919435
398.2530000000001,4.440900000000003,1,5,3,4,72.7,0.05263157894736842,CHEMBL104779,910.0,2.9590413923210934
390.53300000000013,6.230000000000004,1,3,5,4,34.03,0.045454545454545456,CHEMBL64781,100000.0,5.0
275.26000000000005,2.1137,5,5,4,2,110.02000000000001,0.07142857142857142,CHEMBL319620,92000.0,4.963787827345556
355.3970000000001,3.860000000000003,1,4,2,3,52.650000000000006,0.09090909090909091,CHEMBL266255,100000.0,5.0
413.2310000000001,3.715200000000001,3,5,5,3,104.21,0.0,CHEMBL134371,0.37,-0.431798275933005
413.2310000000001,3.715200000000001,3,5,5,3,104.21,0.0,CHEMBL134371,500.0,2.6989700043360187
397.2650000000001,5.045900000000003,1,4,3,4,59.81,0.05,CHEMBL301612,260.0,2.4149733479708178
315.17400000000004,3.7181000000000015,2,4,2,3,63.83,0.0,CHEMBL52765,0.78,-0.10790539730951958
329.2010000000001,4.177600000000002,2,4,3,3,49.84,0.06666666666666667,CHEMBL50344,11.0,1.0413926851582251
720.5120000000002,9.498999999999995,2,4,7,6,68.06,0.0625,CHEMBL293251,11400.0,4.056904851336473
622.772,7.9912000000000045,2,6,9,6,86.52000000000001,0.11764705882352941,CHEMBL294341,100000.0,5.0
622.772,7.991200000000006,2,6,9,6,86.52000000000001,0.11764705882352941,CHEMBL60472,3600.0,3.5563025007672873
259.261,2.4081000000000006,4,4,4,2,89.79,0.07142857142857142,CHEMBL131407,20000.0,4.301029995663981
521.3790000000002,3.428600000000001,3,7,9,4,126.72000000000001,0.13043478260869565,CHEMBL342828,0.56,-0.25181197299379954
521.3790000000002,3.428600000000001,3,7,9,4,126.72000000000001,0.13043478260869565,CHEMBL342828,14.0,1.146128035678238
521.3790000000002,3.428600000000001,3,7,9,4,126.72000000000001,0.13043478260869565,CHEMBL342828,14.0,1.146128035678238
461.3970000000002,3.351700000000001,1,6,6,3,66.28999999999999,0.4090909090909091,CHEMBL299194,8700.0,3.9395192526186187
426.3070000000002,4.351900000000003,1,5,5,4,72.7,0.14285714285714285,CHEMBL323699,5000.0,3.6989700043360187
388.2730000000001,2.8994,2,7,6,3,78.86,0.25,CHEMBL54067,35.0,1.5440680443502757
678.7919999999999,7.824600000000006,2,8,9,6,120.66000000000003,0.1111111111111111,CHEMBL291359,9900.0,3.99563519459755
271.272,2.635000000000001,2,5,3,2,79.12,0.06666666666666667,CHEMBL335074,10000.0,4.0
349.22100000000006,3.7341000000000015,1,4,3,3,59.81,0.1875,CHEMBL109296,4500.0,3.6532125137753435
411.2920000000002,5.354320000000003,1,4,3,4,59.81,0.09523809523809523,CHEMBL111339,480.0,2.681241237375587
330.18500000000006,4.1445000000000025,1,4,3,3,47.040000000000006,0.06666666666666667,CHEMBL52197,30.0,1.4771212547196624
469.32800000000015,5.2226000000000035,1,6,5,4,86.11,0.13043478260869565,CHEMBL109525,50000.0,4.698970004336019
365.33900000000006,4.335600000000002,3,4,4,3,70.23,0.0,CHEMBL7939,700.0,2.845098040014257
365.33900000000006,4.335600000000002,3,4,4,3,70.23,0.0,CHEMBL7939,2200.0,3.342422680822206
581.1510000000001,5.266600000000002,3,4,4,3,70.23,0.0,CHEMBL8163,50000.0,4.698970004336019
359.3850000000001,4.066000000000002,3,5,5,3,79.46000000000001,0.047619047619047616,CHEMBL8095,2000.0,3.3010299956639813
359.3850000000001,4.066000000000002,3,5,5,3,79.46000000000001,0.047619047619047616,CHEMBL8095,18000.0,4.2552725051033065
371.3960000000001,3.998400000000002,2,4,4,3,78.51,0.045454545454545456,CHEMBL268441,50000.0,4.698970004336019
371.3960000000001,3.998400000000002,2,4,4,3,78.51,0.045454545454545456,CHEMBL268441,50000.0,4.698970004336019
497.3970000000001,3.698500000000001,3,6,9,3,99.25000000000001,0.21739130434782608,CHEMBL345109,0.44,-0.3565473235138126
497.3970000000001,3.698500000000001,3,6,9,3,99.25000000000001,0.21739130434782608,CHEMBL345109,59.0,1.7708520116421442
497.3970000000001,3.698500000000001,3,6,9,3,99.25000000000001,0.21739130434782608,CHEMBL345109,59.0,1.7708520116421442
467.9320000000002,5.097580000000004,2,6,8,3,90.27999999999999,0.20833333333333334,CHEMBL607707,83.0,1.919078092376074
631.6100000000001,9.280799999999996,2,4,7,6,68.06,0.0625,CHEMBL293986,100000.0,5.0
471.60500000000025,5.749800000000005,3,6,10,3,76.71000000000001,0.2857142857142857,CHEMBL8223,50000.0,4.698970004336019
343.38600000000014,4.399600000000002,2,4,4,3,61.440000000000005,0.047619047619047616,CHEMBL8036,50000.0,4.698970004336019
343.38600000000014,4.399600000000002,2,4,4,3,61.440000000000005,0.047619047619047616,CHEMBL8036,50000.0,4.698970004336019
377.27500000000015,4.514300000000003,1,4,5,3,59.81,0.2777777777777778,CHEMBL332269,4400.0,3.6434526764861874
316.16200000000003,3.113100000000001,2,5,2,3,76.72,0.0,CHEMBL300217,7.6,0.8808135922807914
316.16200000000003,3.113100000000001,2,5,2,3,76.72,0.0,CHEMBL300217,53.0,1.724275869600789
330.189,3.572600000000002,2,5,3,3,62.730000000000004,0.07142857142857142,CHEMBL53753,0.008,-2.0969100130080562
330.189,3.572600000000002,2,5,3,3,62.730000000000004,0.07142857142857142,CHEMBL53753,15.0,1.1760912590556813
490.65100000000024,3.3449000000000018,4,9,11,3,120.51,0.43478260869565216,CHEMBL300936,25000.0,4.3979400086720375
401.8460000000001,3.3046000000000015,3,6,2,3,94.14,0.2857142857142857,CHEMBL428690,7600.0,3.8808135922807914
343.386,4.658000000000003,2,5,5,4,67.27000000000001,0.047619047619047616,CHEMBL14932,98.0,1.9912260756924949
275.285,2.7857000000000003,4,6,1,3,93.81,0.0,CHEMBL48085,130000.0,5.113943352306837
453.34400000000034,3.817800000000002,1,6,5,4,68.10000000000001,0.2857142857142857,CHEMBL38199,3.7,0.568201724066995
453.34400000000034,3.817800000000002,1,6,5,4,68.10000000000001,0.2857142857142857,CHEMBL38199,192.0,2.2833012287035497
393.4430000000002,3.405100000000002,1,7,10,3,74.73000000000002,0.2727272727272727,CHEMBL553,1.0,0.0
446.9100000000004,4.275600000000003,1,7,8,3,68.74000000000001,0.36363636363636365,CHEMBL939,1.0,0.0
360.2110000000001,4.153100000000003,1,5,4,3,56.27000000000001,0.125,CHEMBL29197,0.025,-1.6020599913279623
396.2920000000001,4.6788000000000025,2,4,4,4,56.84,0.15789473684210525,CHEMBL287007,2.6,0.414973347970818
396.2920000000001,4.6788000000000025,2,4,4,4,56.84,0.15789473684210525,CHEMBL287007,9.7,0.9867717342662449
299.17100000000005,4.740900000000003,1,2,2,3,24.92,0.0,CHEMBL37346,5500.0,3.7403626894942437
299.17100000000005,4.740900000000003,1,2,2,3,24.92,0.0,CHEMBL39563,100000.0,5.0
520.6550000000002,4.745600000000003,2,8,14,4,102.44000000000001,0.2857142857142857,CHEMBL15346,74.0,1.8692317197309762
357.41300000000007,4.961000000000003,1,5,6,4,56.27000000000001,0.09090909090909091,CHEMBL15202,68.0,1.8325089127062364
581.0690000000002,6.139100000000005,2,8,11,5,106.35000000000001,0.1724137931034483,CHEMBL554,10.0,1.0
398.2200000000001,3.5702000000000016,2,5,4,4,92.92999999999999,0.058823529411764705,CHEMBL36819,53.0,1.724275869600789
398.2200000000001,3.5702000000000016,2,5,4,4,92.92999999999999,0.058823529411764705,CHEMBL36819,1196.0,3.077731179652392
452.35600000000034,4.422800000000003,1,5,5,4,55.21000000000001,0.2727272727272727,CHEMBL40130,3.7,0.568201724066995
452.35600000000034,4.422800000000003,1,5,5,4,55.21000000000001,0.2727272727272727,CHEMBL40130,16.0,1.2041199826559248
388.26500000000016,4.933300000000004,1,5,6,3,56.27000000000001,0.2222222222222222,CHEMBL35820,0.006,-2.221848749616356
510.5160000000002,5.789900000000005,2,6,11,4,85.37,0.2222222222222222,CHEMBL14627,74.0,1.8692317197309762
300.15900000000005,4.135900000000001,1,3,2,3,37.81,0.0,CHEMBL290096,27.0,1.4313637641589874
330.185,4.144500000000002,1,4,3,3,47.04,0.06666666666666667,CHEMBL289787,10000.0,4.0
259.286,3.0801,3,5,1,3,73.58000000000001,0.0,CHEMBL45564,300000.0,5.477121254719663
314.186,4.444320000000002,1,3,2,3,37.81,0.06666666666666667,CHEMBL37099,10000.0,4.0
466.96600000000007,3.959100000000002,2,7,11,3,93.21000000000001,0.3333333333333333,CHEMBL460731,20.0,1.3010299956639813
466.96600000000007,3.959100000000002,2,7,11,3,93.21000000000001,0.3333333333333333,CHEMBL460731,71.0,1.8512583487190752
302.23800000000006,1.988,5,7,1,3,131.36,0.0,CHEMBL50,190000.0,5.278753600952829
414.26300000000015,2.8388,3,6,5,4,96.09,0.16666666666666666,CHEMBL37543,12.0,1.0791812460476249
414.26300000000015,2.8388,3,6,5,4,96.09,0.16666666666666666,CHEMBL37543,318.0,2.5024271199844326
424.3460000000001,5.042300000000004,1,4,6,4,45.980000000000004,0.23809523809523808,CHEMBL287289,21.0,1.3222192947339193
424.3460000000001,5.042300000000004,1,4,6,4,45.980000000000004,0.23809523809523808,CHEMBL287289,230.0,2.361727836017593
573.0900000000001,5.5381000000000045,2,8,14,4,102.44000000000001,0.2857142857142857,CHEMBL514436,27.0,1.4313637641589874
354.21100000000007,4.022600000000002,1,4,2,4,55.63,0.0625,CHEMBL39320,0.37,-0.431798275933005
354.21100000000007,4.022600000000002,1,4,2,4,55.63,0.0625,CHEMBL39320,13.0,1.1139433523068367
397.2320000000001,4.175200000000002,2,4,4,4,80.04,0.05555555555555555,CHEMBL289162,5.1,0.7075701760979364
397.2320000000001,4.175200000000002,2,4,4,4,80.04,0.05555555555555555,CHEMBL289162,1780.0,3.250420002308894
506.6280000000002,4.355500000000003,2,8,13,4,102.44000000000001,0.25925925925925924,CHEMBL14952,104.0,2.0170333392987803
410.3190000000001,4.652200000000003,1,4,5,4,45.980000000000004,0.2,CHEMBL37373,41.0,1.6127838567197355
410.3190000000001,4.652200000000003,1,4,5,4,45.980000000000004,0.2,CHEMBL37373,145.0,2.161368002234975
454.32800000000015,4.222000000000002,2,6,6,4,83.14,0.19047619047619047,CHEMBL39715,3.4,0.5314789170422551
454.32800000000015,4.222000000000002,2,6,6,4,83.14,0.19047619047619047,CHEMBL39715,9.6,0.9822712330395684
440.3010000000001,4.133600000000002,3,5,6,4,94.14,0.15,CHEMBL289213,0.72,-0.14266750356873156
440.3010000000001,4.133600000000002,3,5,6,4,94.14,0.15,CHEMBL289213,584.0,2.7664128471123997
616.6620000000004,5.546900000000005,1,8,14,4,110.72,0.3,CHEMBL273789,263.0,2.419955748489758
438.5530000000002,3.1479000000000017,2,7,11,3,93.21000000000001,0.30434782608695654,CHEMBL517907,11.0,1.0413926851582251
438.5530000000002,3.1479000000000017,2,7,11,3,93.21000000000001,0.30434782608695654,CHEMBL517907,45.0,1.6532125137753437
554.6940000000002,3.9994000000000023,2,9,13,4,127.35,0.25925925925925924,CHEMBL460732,93.0,1.968482948553935
383.4510000000001,5.517200000000004,1,5,8,4,56.27000000000001,0.08333333333333333,CHEMBL540701,79.0,1.8976270912904414
411.30700000000013,4.047200000000002,1,5,5,4,58.870000000000005,0.21052631578947367,CHEMBL287832,40.0,1.6020599913279623
411.30700000000013,4.047200000000002,1,5,5,4,58.870000000000005,0.21052631578947367,CHEMBL287832,262.0,2.4183012913197452
340.184,4.012200000000001,2,4,2,4,66.49000000000001,0.0,CHEMBL39337,0.44,-0.3565473235138126
340.184,4.012200000000001,2,4,2,4,66.49000000000001,0.0,CHEMBL39337,20.0,1.3010299956639813
340.184,4.012200000000001,2,4,2,4,66.49000000000001,0.0,CHEMBL39337,0.44,-0.3565473235138126
339.196,4.617200000000001,2,3,2,4,53.6,0.0,CHEMBL40734,0.44,-0.3565473235138126
339.196,4.617200000000001,2,3,2,4,53.6,0.0,CHEMBL40734,22.0,1.3424226808222062
339.196,4.617200000000001,2,3,2,4,53.6,0.0,CHEMBL40734,0.44,-0.3565473235138126
453.38800000000015,4.6106000000000025,2,5,7,4,60.08,0.2727272727272727,CHEMBL39811,7.5,0.8750612633917001
453.38800000000015,4.6106000000000025,2,5,7,4,60.08,0.2727272727272727,CHEMBL39811,81.0,1.9084850188786497
353.22300000000007,4.627600000000002,1,3,2,4,42.74,0.058823529411764705,CHEMBL36727,0.8,-0.09691001300805639
353.22300000000007,4.627600000000002,1,3,2,4,42.74,0.058823529411764705,CHEMBL36727,22.0,1.3424226808222062
467.3710000000004,4.207900000000002,1,6,6,4,68.10000000000001,0.3181818181818182,CHEMBL39355,8.8,0.9444826721501687
467.3710000000004,4.207900000000002,1,6,6,4,68.10000000000001,0.3181818181818182,CHEMBL39355,77.0,1.8864907251724818
562.6710000000002,4.703700000000003,2,8,13,5,111.03,0.27586206896551724,CHEMBL493428,24.0,1.380211241711606
562.6710000000002,4.703700000000003,2,8,13,5,111.03,0.27586206896551724,CHEMBL493428,630.0,2.7993405494535817
243.28700000000003,3.3745000000000003,2,4,1,3,53.35000000000001,0.0,CHEMBL44227,130000.0,5.113943352306837
221.26300000000003,3.373400000000001,1,3,2,3,37.81,0.0,CHEMBL289959,346.0,2.5390760987927767
230.22300000000004,3.2188000000000008,3,5,2,2,85.41000000000001,0.0,CHEMBL47966,58000.0,4.763427993562937
520.6550000000003,4.697700000000004,1,8,13,4,93.65,0.2857142857142857,CHEMBL14874,830.0,2.9190780923760737
413.2750000000001,3.4438000000000013,3,5,5,4,83.2,0.15789473684210525,CHEMBL416611,1.6,0.2041199826559248
413.2750000000001,3.4438000000000013,3,5,5,4,83.2,0.15789473684210525,CHEMBL416611,49.0,1.6901960800285136
438.3290000000003,4.4494000000000025,2,5,4,4,66.07000000000001,0.23809523809523808,CHEMBL36967,4.8,0.6812412373755872
438.3290000000003,4.4494000000000025,2,5,4,4,66.07000000000001,0.23809523809523808,CHEMBL36967,9.6,0.9822712330395684
456.3440000000001,3.4038000000000004,4,6,8,4,97.3,0.23809523809523808,CHEMBL36164,3.5,0.5440680443502757
456.3440000000001,3.4038000000000004,4,6,8,4,97.3,0.23809523809523808,CHEMBL36164,135.0,2.130333768495006
