activity_id,assay_chembl_id,target_chembl_id,molecule_chembl_id,standard_type,standard_value,standard_units,standard_relation,pchembl_value,extraction_date
32260,CHEMBL674637,CHEMBL203,CHEMBL68920,IC50,41.0,nM,=,7.39,2026-03-21 13:33:18.447979
32263,CHEMBL621151,CHEMBL203,CHEMBL68920,IC50,300.0,nM,=,6.52,2026-03-21 13:33:18.447979
32265,CHEMBL615325,CHEMBL203,CHEMBL68920,IC50,7820.0,nM,=,5.11,2026-03-21 13:33:18.447979
32267,CHEMBL674637,CHEMBL203,CHEMBL69960,IC50,170.0,nM,=,6.77,2026-03-21 13:33:18.447979
32270,CHEMBL621151,CHEMBL203,CHEMBL69960,IC50,40.0,nM,=,7.40,2026-03-21 13:33:18.447979
32272,CHEMBL615325,CHEMBL203,CHEMBL69960,IC50,440.0,nM,=,6.36,2026-03-21 13:33:18.447979
32680,CHEMBL677833,CHEMBL203,CHEMBL137635,IC50,9300.0,nM,=,5.03,2026-03-21 13:33:18.447979
32770,CHEMBL674643,CHEMBL203,CHEMBL306988,IC50,500000.0,nM,=,,2026-03-21 13:33:18.447979
32771,CHEMBL675639,CHEMBL203,CHEMBL306988,Ki,,nM,,,2026-03-21 13:33:18.447979
32772,CHEMBL674643,CHEMBL203,CHEMBL66879,IC50,3000000.0,nM,=,,2026-03-21 13:33:18.447979
32773,CHEMBL675636,CHEMBL203,CHEMBL66879,Ki,1000000.0,nM,=,,2026-03-21 13:33:18.447979
32780,CHEMBL674643,CHEMBL203,CHEMBL77085,IC50,96000.0,nM,=,4.02,2026-03-21 13:33:18.447979
32781,CHEMBL675636,CHEMBL203,CHEMBL77085,Ki,24000.0,nM,=,4.62,2026-03-21 13:33:18.447979
33406,CHEMBL674637,CHEMBL203,CHEMBL443268,IC50,5310.0,nM,=,5.28,2026-03-21 13:33:18.447979
34039,CHEMBL674643,CHEMBL203,CHEMBL76979,IC50,264000.0,nM,=,,2026-03-21 13:33:18.447979
34040,CHEMBL675636,CHEMBL203,CHEMBL76979,Ki,700000.0,nM,=,,2026-03-21 13:33:18.447979
34041,CHEMBL674643,CHEMBL203,CHEMBL76589,IC50,125.0,nM,=,6.90,2026-03-21 13:33:18.447979
34042,CHEMBL675637,CHEMBL203,CHEMBL76589,Ki,,nM,,,2026-03-21 13:33:18.447979
34045,CHEMBL674643,CHEMBL203,CHEMBL77724,IC50,1250000.0,nM,>,,2026-03-21 13:33:18.447979
34046,CHEMBL675636,CHEMBL203,CHEMBL77724,Ki,400000.0,nM,>,,2026-03-21 13:33:18.447979
34047,CHEMBL674643,CHEMBL203,CHEMBL420385,IC50,625000.0,nM,>,,2026-03-21 13:33:18.447979
34048,CHEMBL675636,CHEMBL203,CHEMBL420385,Ki,250000.0,nM,>,,2026-03-21 13:33:18.447979
34049,CHEMBL674643,CHEMBL203,CHEMBL76904,IC50,35000.0,nM,=,4.46,2026-03-21 13:33:18.447979
34050,CHEMBL675636,CHEMBL203,CHEMBL76904,Ki,11000.0,nM,=,4.96,2026-03-21 13:33:18.447979
34051,CHEMBL674643,CHEMBL203,CHEMBL1009,IC50,900000.0,nM,=,,2026-03-21 13:33:18.447979
34052,CHEMBL676063,CHEMBL203,CHEMBL1009,Ki,,nM,,,2026-03-21 13:33:18.447979
34669,CHEMBL674637,CHEMBL203,CHEMBL304271,IC50,0.45,nM,=,9.35,2026-03-21 13:33:18.447979
35294,CHEMBL674643,CHEMBL203,CHEMBL296407,IC50,10000.0,nM,=,5.00,2026-03-21 13:33:18.447979
35295,CHEMBL675636,CHEMBL203,CHEMBL296407,Ki,3500.0,nM,=,5.46,2026-03-21 13:33:18.447979
35296,CHEMBL674643,CHEMBL203,CHEMBL309625,IC50,60000.0,nM,=,4.22,2026-03-21 13:33:18.447979
35297,CHEMBL674643,CHEMBL203,CHEMBL77825,IC50,600000.0,nM,=,,2026-03-21 13:33:18.447979
35298,CHEMBL675637,CHEMBL203,CHEMBL77825,Ki,,nM,,,2026-03-21 13:33:18.447979
35301,CHEMBL674643,CHEMBL203,CHEMBL421877,IC50,850000.0,nM,=,,2026-03-21 13:33:18.447979
35302,CHEMBL675636,CHEMBL203,CHEMBL421877,Ki,300000.0,nM,=,,2026-03-21 13:33:18.447979
36510,CHEMBL675636,CHEMBL203,CHEMBL77278,Ki,1350000.0,nM,=,,2026-03-21 13:33:18.447979
36518,CHEMBL674643,CHEMBL203,CHEMBL310798,IC50,3000.0,nM,=,5.52,2026-03-21 13:33:18.447979
36519,CHEMBL675636,CHEMBL203,CHEMBL310798,Ki,1000.0,nM,=,6.00,2026-03-21 13:33:18.447979
37510,CHEMBL677833,CHEMBL203,CHEMBL135592,IC50,8000.0,nM,=,5.10,2026-03-21 13:33:18.447979
40025,CHEMBL674643,CHEMBL203,CHEMBL309866,IC50,1300000.0,nM,=,,2026-03-21 13:33:18.447979
40026,CHEMBL674643,CHEMBL203,CHEMBL77381,IC50,1360000.0,nM,=,,2026-03-21 13:33:18.447979
40027,CHEMBL675640,CHEMBL203,CHEMBL77381,Ki,,nM,,,2026-03-21 13:33:18.447979
41220,CHEMBL674643,CHEMBL203,CHEMBL76602,IC50,165000.0,nM,=,,2026-03-21 13:33:18.447979
41221,CHEMBL675636,CHEMBL203,CHEMBL76602,Ki,308000.0,nM,=,,2026-03-21 13:33:18.447979
41222,CHEMBL674643,CHEMBL203,CHEMBL77737,IC50,250000.0,nM,=,,2026-03-21 13:33:18.447979
41223,CHEMBL675639,CHEMBL203,CHEMBL77737,Ki,,nM,,,2026-03-21 13:33:18.447979
41224,CHEMBL674643,CHEMBL203,CHEMBL76983,IC50,1250000.0,nM,>,,2026-03-21 13:33:18.447979
41225,CHEMBL675636,CHEMBL203,CHEMBL76983,Ki,400000.0,nM,>,,2026-03-21 13:33:18.447979
41226,CHEMBL674643,CHEMBL203,CHEMBL308134,IC50,125000.0,nM,=,,2026-03-21 13:33:18.447979
41227,CHEMBL675636,CHEMBL203,CHEMBL308134,Ki,49000.0,nM,=,4.31,2026-03-21 13:33:18.447979
42300,CHEMBL677833,CHEMBL203,CHEMBL136491,IC50,14.0,nM,=,7.85,2026-03-21 13:33:18.447979
42432,CHEMBL674643,CHEMBL203,CHEMBL77280,IC50,1250000.0,nM,>,,2026-03-21 13:33:18.447979
42433,CHEMBL674645,CHEMBL203,CHEMBL42423,IC50,,nM,,,2026-03-21 13:33:18.447979
42434,CHEMBL675638,CHEMBL203,CHEMBL42423,Ki,,nM,,,2026-03-21 13:33:18.447979
43662,CHEMBL674643,CHEMBL203,CHEMBL76557,IC50,625000.0,nM,=,,2026-03-21 13:33:18.447979
43663,CHEMBL675636,CHEMBL203,CHEMBL76557,Ki,360000.0,nM,=,,2026-03-21 13:33:18.447979
44685,CHEMBL677833,CHEMBL203,CHEMBL336113,IC50,1000.0,nM,=,6.00,2026-03-21 13:33:18.447979
44690,CHEMBL677833,CHEMBL203,CHEMBL133024,IC50,100.0,nM,=,7.00,2026-03-21 13:33:18.447979
44695,CHEMBL677833,CHEMBL203,CHEMBL344652,IC50,13350.0,nM,=,4.88,2026-03-21 13:33:18.447979
44885,CHEMBL674643,CHEMBL203,CHEMBL77814,IC50,350000.0,nM,=,,2026-03-21 13:33:18.447979
44886,CHEMBL674643,CHEMBL203,CHEMBL47986,IC50,14000.0,nM,=,4.85,2026-03-21 13:33:18.447979
44964,CHEMBL674646,CHEMBL203,CHEMBL441343,IC50,,nM,,,2026-03-21 13:33:18.447979
44965,CHEMBL676065,CHEMBL203,CHEMBL441343,Ki,,nM,,,2026-03-21 13:33:18.447979
45867,CHEMBL677833,CHEMBL203,CHEMBL138125,IC50,238.0,nM,=,6.62,2026-03-21 13:33:18.447979
45872,CHEMBL677833,CHEMBL203,CHEMBL137364,IC50,64.0,nM,=,7.19,2026-03-21 13:33:18.447979
45958,CHEMBL674643,CHEMBL203,CHEMBL308339,IC50,1400000.0,nM,=,,2026-03-21 13:33:18.447979
45961,CHEMBL674643,CHEMBL203,CHEMBL78174,IC50,430000.0,nM,=,,2026-03-21 13:33:18.447979
45962,CHEMBL675636,CHEMBL203,CHEMBL78174,Ki,143000.0,nM,=,,2026-03-21 13:33:18.447979
46694,CHEMBL674637,CHEMBL203,CHEMBL302552,IC50,22.0,nM,=,7.66,2026-03-21 13:33:18.447979
47278,CHEMBL674643,CHEMBL203,CHEMBL309598,IC50,13500.0,nM,=,4.87,2026-03-21 13:33:18.447979
47279,CHEMBL675636,CHEMBL203,CHEMBL309598,Ki,4500.0,nM,=,5.35,2026-03-21 13:33:18.447979
47286,CHEMBL674643,CHEMBL203,CHEMBL78302,IC50,250000.0,nM,>,,2026-03-21 13:33:18.447979
47933,CHEMBL674637,CHEMBL203,CHEMBL67057,IC50,4.5,nM,=,8.35,2026-03-21 13:33:18.447979
47936,CHEMBL621151,CHEMBL203,CHEMBL67057,IC50,100.0,nM,=,7.00,2026-03-21 13:33:18.447979
47938,CHEMBL615490,CHEMBL203,CHEMBL67057,IC50,,nM,,,2026-03-21 13:33:18.447979
48459,CHEMBL677833,CHEMBL203,CHEMBL332096,IC50,508.0,nM,=,6.29,2026-03-21 13:33:18.447979
48552,CHEMBL674643,CHEMBL203,CHEMBL77387,IC50,450000.0,nM,=,,2026-03-21 13:33:18.447979
48553,CHEMBL675636,CHEMBL203,CHEMBL77387,Ki,150000.0,nM,=,,2026-03-21 13:33:18.447979
49320,CHEMBL674637,CHEMBL203,CHEMBL432903,IC50,200.0,nM,=,6.70,2026-03-21 13:33:18.447979
49323,CHEMBL674637,CHEMBL203,CHEMBL69964,IC50,210.0,nM,=,6.68,2026-03-21 13:33:18.447979
49326,CHEMBL674637,CHEMBL203,CHEMBL65848,IC50,1410.0,nM,=,5.85,2026-03-21 13:33:18.447979
49329,CHEMBL621151,CHEMBL203,CHEMBL65848,IC50,5000.0,nM,=,5.30,2026-03-21 13:33:18.447979
49331,CHEMBL615325,CHEMBL203,CHEMBL65848,IC50,4320.0,nM,=,5.37,2026-03-21 13:33:18.447979
49415,CHEMBL679675,CHEMBL203,CHEMBL69129,IC50,,nM,,,2026-03-21 13:33:18.447979
49986,CHEMBL674643,CHEMBL203,CHEMBL78184,IC50,833000.0,nM,=,,2026-03-21 13:33:18.447979
49987,CHEMBL675636,CHEMBL203,CHEMBL78184,Ki,2500000.0,nM,=,,2026-03-21 13:33:18.447979
49988,CHEMBL674643,CHEMBL203,CHEMBL76985,IC50,47000.0,nM,=,4.33,2026-03-21 13:33:18.447979
49989,CHEMBL675636,CHEMBL203,CHEMBL76985,Ki,140000.0,nM,=,,2026-03-21 13:33:18.447979
49992,CHEMBL674643,CHEMBL203,CHEMBL145,IC50,1200000.0,nM,=,,2026-03-21 13:33:18.447979
49993,CHEMBL675636,CHEMBL203,CHEMBL145,Ki,400000.0,nM,=,,2026-03-21 13:33:18.447979
50668,CHEMBL674637,CHEMBL203,CHEMBL69629,IC50,6.5,nM,=,8.19,2026-03-21 13:33:18.447979
50671,CHEMBL621151,CHEMBL203,CHEMBL69629,IC50,40.0,nM,=,7.40,2026-03-21 13:33:18.447979
50673,CHEMBL615325,CHEMBL203,CHEMBL69629,IC50,2050.0,nM,=,5.69,2026-03-21 13:33:18.447979
51141,CHEMBL677833,CHEMBL203,CHEMBL136492,IC50,8400.0,nM,=,5.08,2026-03-21 13:33:18.447979
51244,CHEMBL674643,CHEMBL203,CHEMBL77197,IC50,1100000.0,nM,=,,2026-03-21 13:33:18.447979
51245,CHEMBL675636,CHEMBL203,CHEMBL77197,Ki,341000.0,nM,=,,2026-03-21 13:33:18.447979
51249,CHEMBL674643,CHEMBL203,CHEMBL305695,IC50,560000.0,nM,=,,2026-03-21 13:33:18.447979
51250,CHEMBL675636,CHEMBL203,CHEMBL305695,Ki,160000.0,nM,=,,2026-03-21 13:33:18.447979
51818,CHEMBL674637,CHEMBL203,CHEMBL68258,IC50,20000.0,nM,>,,2026-03-21 13:33:18.447979
52474,CHEMBL674643,CHEMBL203,CHEMBL76587,IC50,6500000.0,nM,=,,2026-03-21 13:33:18.447979
52475,CHEMBL675641,CHEMBL203,CHEMBL76587,Ki,,nM,,,2026-03-21 13:33:18.447979
52480,CHEMBL674643,CHEMBL203,CHEMBL77456,IC50,1250000.0,nM,>,,2026-03-21 13:33:18.447979
52481,CHEMBL676064,CHEMBL203,CHEMBL77456,Ki,400000.0,nM,>,,2026-03-21 13:33:18.447979
53212,CHEMBL674637,CHEMBL203,CHEMBL66570,IC50,13.0,nM,=,7.89,2026-03-21 13:33:18.447979
53215,CHEMBL621151,CHEMBL203,CHEMBL66570,IC50,200.0,nM,=,6.70,2026-03-21 13:33:18.447979
53217,CHEMBL615325,CHEMBL203,CHEMBL66570,IC50,7500.0,nM,=,5.12,2026-03-21 13:33:18.447979
53758,CHEMBL674643,CHEMBL203,CHEMBL308048,IC50,800000.0,nM,=,,2026-03-21 13:33:18.447979
53761,CHEMBL674643,CHEMBL203,CHEMBL311119,IC50,60000.0,nM,=,4.22,2026-03-21 13:33:18.447979
53762,CHEMBL675636,CHEMBL203,CHEMBL311119,Ki,20000.0,nM,=,4.70,2026-03-21 13:33:18.447979
53763,CHEMBL674643,CHEMBL203,CHEMBL76905,IC50,37000.0,nM,=,4.43,2026-03-21 13:33:18.447979
53764,CHEMBL675636,CHEMBL203,CHEMBL76905,Ki,10000.0,nM,=,5.00,2026-03-21 13:33:18.447979
53765,CHEMBL674643,CHEMBL203,CHEMBL77524,IC50,833000.0,nM,=,,2026-03-21 13:33:18.447979
53766,CHEMBL675636,CHEMBL203,CHEMBL77524,Ki,2500000.0,nM,=,,2026-03-21 13:33:18.447979
54402,CHEMBL674637,CHEMBL203,CHEMBL305194,IC50,29.0,nM,=,7.54,2026-03-21 13:33:18.447979
54405,CHEMBL621151,CHEMBL203,CHEMBL305194,IC50,5000.0,nM,>,,2026-03-21 13:33:18.447979
54407,CHEMBL615325,CHEMBL203,CHEMBL305194,IC50,50000.0,nM,>,,2026-03-21 13:33:18.447979
54979,CHEMBL674643,CHEMBL203,CHEMBL307250,IC50,325000.0,nM,=,,2026-03-21 13:33:18.447979
54980,CHEMBL675636,CHEMBL203,CHEMBL307250,Ki,800000.0,nM,=,,2026-03-21 13:33:18.447979
54990,CHEMBL674643,CHEMBL203,CHEMBL80155,IC50,6000.0,nM,=,5.22,2026-03-21 13:33:18.447979
54991,CHEMBL675636,CHEMBL203,CHEMBL80155,Ki,2200.0,nM,=,5.66,2026-03-21 13:33:18.447979
56107,CHEMBL677833,CHEMBL203,CHEMBL343352,IC50,200.0,nM,=,6.70,2026-03-21 13:33:18.447979
57335,CHEMBL677833,CHEMBL203,CHEMBL52765,IC50,44.0,nM,=,7.36,2026-03-21 13:33:18.447979
57442,CHEMBL674644,CHEMBL203,CHEMBL77436,IC50,,nM,,,2026-03-21 13:33:18.447979
57443,CHEMBL675636,CHEMBL203,CHEMBL77436,Ki,1400000.0,nM,=,,2026-03-21 13:33:18.447979
57444,CHEMBL674643,CHEMBL203,CHEMBL311564,IC50,450000.0,nM,=,,2026-03-21 13:33:18.447979
57445,CHEMBL674643,CHEMBL203,CHEMBL76642,IC50,75000.0,nM,=,4.12,2026-03-21 13:33:18.447979
57446,CHEMBL675636,CHEMBL203,CHEMBL76642,Ki,24000.0,nM,=,4.62,2026-03-21 13:33:18.447979
58119,CHEMBL674637,CHEMBL203,CHEMBL308645,IC50,4.7,nM,=,8.33,2026-03-21 13:33:18.447979
58122,CHEMBL674637,CHEMBL203,CHEMBL67003,IC50,1.8,nM,=,8.74,2026-03-21 13:33:18.447979
58125,CHEMBL621151,CHEMBL203,CHEMBL67003,IC50,100.0,nM,=,7.00,2026-03-21 13:33:18.447979
58127,CHEMBL615490,CHEMBL203,CHEMBL67003,IC50,,nM,,,2026-03-21 13:33:18.447979
58604,CHEMBL674643,CHEMBL203,CHEMBL307248,IC50,640000.0,nM,=,,2026-03-21 13:33:18.447979
58605,CHEMBL675636,CHEMBL203,CHEMBL307248,Ki,240000.0,nM,=,,2026-03-21 13:33:18.447979
60010,CHEMBL674643,CHEMBL203,CHEMBL310958,IC50,225000.0,nM,=,,2026-03-21 13:33:18.447979
60019,CHEMBL674643,CHEMBL203,CHEMBL78005,IC50,350000.0,nM,=,,2026-03-21 13:33:18.447979
60020,CHEMBL675636,CHEMBL203,CHEMBL78005,Ki,117000.0,nM,=,,2026-03-21 13:33:18.447979
61241,CHEMBL677833,CHEMBL203,CHEMBL134312,IC50,11.0,nM,=,7.96,2026-03-21 13:33:18.447979
61373,CHEMBL674643,CHEMBL203,CHEMBL77243,IC50,55000.0,nM,=,4.26,2026-03-21 13:33:18.447979
61374,CHEMBL674643,CHEMBL203,CHEMBL80745,IC50,1200.0,nM,=,5.92,2026-03-21 13:33:18.447979
61375,CHEMBL675637,CHEMBL203,CHEMBL80745,Ki,,nM,,,2026-03-21 13:33:18.447979
61378,CHEMBL674643,CHEMBL203,CHEMBL77778,IC50,450000.0,nM,=,,2026-03-21 13:33:18.447979
61379,CHEMBL675636,CHEMBL203,CHEMBL77778,Ki,150000.0,nM,=,,2026-03-21 13:33:18.447979
62047,CHEMBL674637,CHEMBL203,CHEMBL305246,IC50,2.8,nM,=,8.55,2026-03-21 13:33:18.447979
62050,CHEMBL621151,CHEMBL203,CHEMBL305246,IC50,100.0,nM,=,7.00,2026-03-21 13:33:18.447979
62052,CHEMBL615325,CHEMBL203,CHEMBL305246,IC50,750.0,nM,=,6.12,2026-03-21 13:33:18.447979
62054,CHEMBL674637,CHEMBL203,CHEMBL69966,IC50,18.0,nM,=,7.75,2026-03-21 13:33:18.447979
62057,CHEMBL621151,CHEMBL203,CHEMBL69966,IC50,40.0,nM,=,7.40,2026-03-21 13:33:18.447979
62059,CHEMBL615325,CHEMBL203,CHEMBL69966,IC50,620.0,nM,=,6.21,2026-03-21 13:33:18.447979
62149,CHEMBL679674,CHEMBL203,CHEMBL47940,IC50,3200.0,nM,=,5.50,2026-03-21 13:33:18.447979
62715,CHEMBL674643,CHEMBL203,CHEMBL57712,IC50,1300000.0,nM,=,,2026-03-21 13:33:18.447979
62720,CHEMBL674643,CHEMBL203,CHEMBL77869,IC50,200000.0,nM,=,,2026-03-21 13:33:18.447979
62721,CHEMBL675636,CHEMBL203,CHEMBL77869,Ki,67000.0,nM,=,4.17,2026-03-21 13:33:18.447979
63367,CHEMBL674637,CHEMBL203,CHEMBL69358,IC50,1.2,nM,=,8.92,2026-03-21 13:33:18.447979
63370,CHEMBL621151,CHEMBL203,CHEMBL69358,IC50,200.0,nM,=,6.70,2026-03-21 13:33:18.447979
63372,CHEMBL615325,CHEMBL203,CHEMBL69358,IC50,1290.0,nM,=,5.89,2026-03-21 13:33:18.447979
63847,CHEMBL677833,CHEMBL203,CHEMBL137189,IC50,200.0,nM,=,6.70,2026-03-21 13:33:18.447979
63852,CHEMBL677833,CHEMBL203,CHEMBL137617,IC50,39.0,nM,=,7.41,2026-03-21 13:33:18.447979
63857,CHEMBL677833,CHEMBL203,CHEMBL137027,IC50,482.0,nM,=,6.32,2026-03-21 13:33:18.447979
64040,CHEMBL674643,CHEMBL203,CHEMBL78257,IC50,800.0,nM,=,6.10,2026-03-21 13:33:18.447979
64041,CHEMBL675637,CHEMBL203,CHEMBL78257,Ki,,nM,,,2026-03-21 13:33:18.447979
64049,CHEMBL674643,CHEMBL203,CHEMBL76082,IC50,560000.0,nM,=,,2026-03-21 13:33:18.447979
64050,CHEMBL674643,CHEMBL203,CHEMBL77595,IC50,850000.0,nM,=,,2026-03-21 13:33:18.447979
64051,CHEMBL675636,CHEMBL203,CHEMBL77595,Ki,2500000.0,nM,>,,2026-03-21 13:33:18.447979
65265,CHEMBL674643,CHEMBL203,CHEMBL309334,IC50,2500.0,nM,=,5.60,2026-03-21 13:33:18.447979
65266,CHEMBL675637,CHEMBL203,CHEMBL309334,Ki,,nM,,,2026-03-21 13:33:18.447979
65267,CHEMBL674643,CHEMBL203,CHEMBL310514,IC50,260000.0,nM,=,,2026-03-21 13:33:18.447979
66030,CHEMBL674637,CHEMBL203,CHEMBL304971,IC50,410.0,nM,=,6.39,2026-03-21 13:33:18.447979
66033,CHEMBL674637,CHEMBL203,CHEMBL69071,IC50,5.9,nM,=,8.23,2026-03-21 13:33:18.447979
66037,CHEMBL615325,CHEMBL203,CHEMBL69071,IC50,2580.0,nM,=,5.59,2026-03-21 13:33:18.447979
66490,CHEMBL677833,CHEMBL203,CHEMBL137534,IC50,38.0,nM,=,7.42,2026-03-21 13:33:18.447979
66495,CHEMBL677833,CHEMBL203,CHEMBL137788,IC50,335.0,nM,=,6.47,2026-03-21 13:33:18.447979
67211,CHEMBL674637,CHEMBL203,CHEMBL69709,IC50,20000.0,nM,>,,2026-03-21 13:33:18.447979
67606,CHEMBL677833,CHEMBL203,CHEMBL424093,IC50,25.0,nM,=,7.60,2026-03-21 13:33:18.447979
67808,CHEMBL674643,CHEMBL203,CHEMBL77030,IC50,2400.0,nM,=,5.62,2026-03-21 13:33:18.447979
67809,CHEMBL675636,CHEMBL203,CHEMBL77030,Ki,850.0,nM,=,6.07,2026-03-21 13:33:18.447979
67822,CHEMBL674643,CHEMBL203,CHEMBL78150,IC50,460000.0,nM,=,,2026-03-21 13:33:18.447979
67823,CHEMBL675636,CHEMBL203,CHEMBL78150,Ki,155000.0,nM,=,,2026-03-21 13:33:18.447979
68467,CHEMBL674637,CHEMBL203,CHEMBL69106,IC50,20000.0,nM,>,,2026-03-21 13:33:18.447979
68470,CHEMBL674637,CHEMBL203,CHEMBL264382,IC50,1.1,nM,=,8.96,2026-03-21 13:33:18.447979
68473,CHEMBL621151,CHEMBL203,CHEMBL264382,IC50,200.0,nM,=,6.70,2026-03-21 13:33:18.447979
68475,CHEMBL615325,CHEMBL203,CHEMBL264382,IC50,1950.0,nM,=,5.71,2026-03-21 13:33:18.447979
69112,CHEMBL674643,CHEMBL203,CHEMBL308133,IC50,1500000.0,nM,=,,2026-03-21 13:33:18.447979
69113,CHEMBL675641,CHEMBL203,CHEMBL308133,Ki,,nM,,,2026-03-21 13:33:18.447979
69116,CHEMBL674643,CHEMBL203,CHEMBL307179,IC50,160000.0,nM,=,,2026-03-21 13:33:18.447979
69117,CHEMBL675636,CHEMBL203,CHEMBL307179,Ki,55000.0,nM,=,4.26,2026-03-21 13:33:18.447979
69854,CHEMBL674637,CHEMBL203,CHEMBL305782,IC50,180.0,nM,=,6.75,2026-03-21 13:33:18.447979
69857,CHEMBL674637,CHEMBL203,CHEMBL308672,IC50,450.0,nM,=,6.35,2026-03-21 13:33:18.447979
69860,CHEMBL621151,CHEMBL203,CHEMBL308672,IC50,500.0,nM,=,6.30,2026-03-21 13:33:18.447979
69862,CHEMBL615490,CHEMBL203,CHEMBL308672,IC50,,nM,,,2026-03-21 13:33:18.447979
70342,CHEMBL677833,CHEMBL203,CHEMBL133023,IC50,24.0,nM,=,7.62,2026-03-21 13:33:18.447979
70559,CHEMBL674643,CHEMBL203,CHEMBL310400,IC50,375000.0,nM,=,,2026-03-21 13:33:18.447979
70560,CHEMBL675636,CHEMBL203,CHEMBL310400,Ki,123000.0,nM,=,,2026-03-21 13:33:18.447979
71575,CHEMBL677833,CHEMBL203,CHEMBL136674,IC50,71.0,nM,=,7.15,2026-03-21 13:33:18.447979
71725,CHEMBL674643,CHEMBL203,CHEMBL73820,IC50,25000.0,nM,=,4.60,2026-03-21 13:33:18.447979
71726,CHEMBL675636,CHEMBL203,CHEMBL73820,Ki,70000.0,nM,=,4.16,2026-03-21 13:33:18.447979
71727,CHEMBL674643,CHEMBL203,CHEMBL79064,IC50,230000.0,nM,=,,2026-03-21 13:33:18.447979
71728,CHEMBL674643,CHEMBL203,CHEMBL77803,IC50,500.0,nM,=,6.30,2026-03-21 13:33:18.447979
71729,CHEMBL674643,CHEMBL203,CHEMBL75718,IC50,2400000.0,nM,=,,2026-03-21 13:33:18.447979
71733,CHEMBL674643,CHEMBL203,CHEMBL77298,IC50,153000.0,nM,=,,2026-03-21 13:33:18.447979
71734,CHEMBL675636,CHEMBL203,CHEMBL77298,Ki,50000.0,nM,=,4.30,2026-03-21 13:33:18.447979
78012,CHEMBL679949,CHEMBL203,CHEMBL432941,IC50,8880.0,nM,=,5.05,2026-03-21 13:33:18.447979
79181,CHEMBL679949,CHEMBL203,CHEMBL420609,IC50,100000.0,nM,>,,2026-03-21 13:33:18.447979
80323,CHEMBL679949,CHEMBL203,CHEMBL419682,IC50,100000.0,nM,>,,2026-03-21 13:33:18.447979
81208,CHEMBL674698,CHEMBL203,CHEMBL322395,IC50,3000.0,nM,=,5.52,2026-03-21 13:33:18.447979
83552,CHEMBL679949,CHEMBL203,CHEMBL88462,IC50,100000.0,nM,>,,2026-03-21 13:33:18.447979
84549,CHEMBL679949,CHEMBL203,CHEMBL431996,IC50,56500.0,nM,=,4.25,2026-03-21 13:33:18.447979
85635,CHEMBL679949,CHEMBL203,CHEMBL91250,IC50,100000.0,nM,>,,2026-03-21 13:33:18.447979
85644,CHEMBL679949,CHEMBL203,CHEMBL88771,IC50,100000.0,nM,>,,2026-03-21 13:33:18.447979
87623,CHEMBL679949,CHEMBL203,CHEMBL91815,IC50,100000.0,nM,>,,2026-03-21 13:33:18.447979
88634,CHEMBL679949,CHEMBL203,CHEMBL328029,IC50,100000.0,nM,>,,2026-03-21 13:33:18.447979
88643,CHEMBL679949,CHEMBL203,CHEMBL314995,IC50,100000.0,nM,>,,2026-03-21 13:33:18.447979
91573,CHEMBL679949,CHEMBL203,CHEMBL88483,IC50,100000.0,nM,>,,2026-03-21 13:33:18.447979
91582,CHEMBL679949,CHEMBL203,CHEMBL313746,IC50,100000.0,nM,>,,2026-03-21 13:33:18.447979
91591,CHEMBL679949,CHEMBL203,CHEMBL89363,IC50,100000.0,nM,>,,2026-03-21 13:33:18.447979
92603,CHEMBL679949,CHEMBL203,CHEMBL276711,IC50,100000.0,nM,>,,2026-03-21 13:33:18.447979
96622,CHEMBL679949,CHEMBL203,CHEMBL313500,IC50,100000.0,nM,>,,2026-03-21 13:33:18.447979
98658,CHEMBL679949,CHEMBL203,CHEMBL89010,IC50,100000.0,nM,>,,2026-03-21 13:33:18.447979
98667,CHEMBL679949,CHEMBL203,CHEMBL86531,IC50,29100.0,nM,=,4.54,2026-03-21 13:33:18.447979
99530,CHEMBL679949,CHEMBL203,CHEMBL315753,IC50,100000.0,nM,>,,2026-03-21 13:33:18.447979
104507,CHEMBL679949,CHEMBL203,CHEMBL88606,IC50,100000.0,nM,>,,2026-03-21 13:33:18.447979
104516,CHEMBL679949,CHEMBL203,CHEMBL313821,IC50,100000.0,nM,>,,2026-03-21 13:33:18.447979
105574,CHEMBL679549,CHEMBL203,CHEMBL266969,IC50,50000.0,nM,>,,2026-03-21 13:33:18.447979
105738,CHEMBL673925,CHEMBL203,CHEMBL138691,IC50,4.2,nM,=,8.38,2026-03-21 13:33:18.447979
105739,CHEMBL677216,CHEMBL203,CHEMBL138691,IC50,2282.0,nM,=,5.64,2026-03-21 13:33:18.447979
105740,CHEMBL623728,CHEMBL203,CHEMBL138691,Inhibition,80.0,%,=,,2026-03-21 13:33:18.447979
106110,CHEMBL680020,CHEMBL203,CHEMBL51283,IC50,,nM,,,2026-03-21 13:33:18.447979
106119,CHEMBL679947,CHEMBL203,CHEMBL52829,IC50,4.0,nM,=,8.40,2026-03-21 13:33:18.447979
106120,CHEMBL679947,CHEMBL203,CHEMBL52823,IC50,380.0,nM,=,6.42,2026-03-21 13:33:18.447979
106688,CHEMBL679549,CHEMBL203,CHEMBL8000,IC50,100000.0,nM,>,,2026-03-21 13:33:18.447979
106691,CHEMBL621149,CHEMBL203,CHEMBL8000,IC50,50000.0,nM,>,,2026-03-21 13:33:18.447979
106877,CHEMBL673925,CHEMBL203,CHEMBL139307,IC50,3.3,nM,=,8.48,2026-03-21 13:33:18.447979
106878,CHEMBL677216,CHEMBL203,CHEMBL139307,IC50,194.0,nM,=,6.71,2026-03-21 13:33:18.447979
106879,CHEMBL623728,CHEMBL203,CHEMBL139307,Inhibition,20.0,%,<,,2026-03-21 13:33:18.447979
107294,CHEMBL680020,CHEMBL203,CHEMBL111913,IC50,,nM,,,2026-03-21 13:33:18.447979
107298,CHEMBL680019,CHEMBL203,CHEMBL322298,IC50,200.0,nM,=,6.70,2026-03-21 13:33:18.447979
107302,CHEMBL680019,CHEMBL203,CHEMBL111434,IC50,670.0,nM,=,6.17,2026-03-21 13:33:18.447979
107306,CHEMBL680019,CHEMBL203,CHEMBL111197,IC50,30.0,nM,=,7.52,2026-03-21 13:33:18.447979
107803,CHEMBL677391,CHEMBL203,CHEMBL291667,IC50,100000.0,nM,>,,2026-03-21 13:33:18.447979
107904,CHEMBL679549,CHEMBL203,CHEMBL8091,IC50,100000.0,nM,>,,2026-03-21 13:33:18.447979
107990,CHEMBL673925,CHEMBL203,CHEMBL136058,IC50,0.81,nM,=,9.09,2026-03-21 13:33:18.447979
107991,CHEMBL677216,CHEMBL203,CHEMBL136058,IC50,8.8,nM,=,8.06,2026-03-21 13:33:18.447979
107992,CHEMBL623728,CHEMBL203,CHEMBL136058,Inhibition,80.0,%,>,,2026-03-21 13:33:18.447979
107993,CHEMBL677213,CHEMBL203,CHEMBL136058,IC50,8.8,nM,=,8.06,2026-03-21 13:33:18.447979
108287,CHEMBL680019,CHEMBL203,CHEMBL113128,IC50,50000.0,nM,>,,2026-03-21 13:33:18.447979
108291,CHEMBL680020,CHEMBL203,CHEMBL109547,IC50,,nM,,,2026-03-21 13:33:18.447979
108323,CHEMBL679947,CHEMBL203,CHEMBL51854,IC50,3.8,nM,=,8.42,2026-03-21 13:33:18.447979
108863,CHEMBL683041,CHEMBL203,CHEMBL939,IC50,515.0,nM,=,6.29,2026-03-21 13:33:18.447979
108868,CHEMBL683041,CHEMBL203,CHEMBL95320,IC50,850.0,nM,=,6.07,2026-03-21 13:33:18.447979
109085,CHEMBL679549,CHEMBL203,CHEMBL8271,IC50,100000.0,nM,>,,2026-03-21 13:33:18.447979
109639,CHEMBL680020,CHEMBL203,CHEMBL323775,IC50,,nM,,,2026-03-21 13:33:18.447979
109692,CHEMBL679947,CHEMBL203,CHEMBL298931,IC50,17.0,nM,=,7.77,2026-03-21 13:33:18.447979
110218,CHEMBL677391,CHEMBL203,CHEMBL292323,IC50,6500.0,nM,=,5.19,2026-03-21 13:33:18.447979
110240,CHEMBL676146,CHEMBL203,CHEMBL334334,IC50,9000.0,nM,=,5.05,2026-03-21 13:33:18.447979
110242,CHEMBL676146,CHEMBL203,CHEMBL316764,IC50,100000.0,nM,>,,2026-03-21 13:33:18.447979
110479,CHEMBL673925,CHEMBL203,CHEMBL545315,IC50,1.5,nM,=,8.82,2026-03-21 13:33:18.447979
110480,CHEMBL677216,CHEMBL203,CHEMBL545315,IC50,7.4,nM,=,8.13,2026-03-21 13:33:18.447979
110481,CHEMBL623728,CHEMBL203,CHEMBL545315,Inhibition,80.0,%,>,,2026-03-21 13:33:18.447979
110482,CHEMBL677213,CHEMBL203,CHEMBL545315,IC50,7.4,nM,=,8.13,2026-03-21 13:33:18.447979
111014,CHEMBL680019,CHEMBL203,CHEMBL111365,IC50,1300.0,nM,=,5.89,2026-03-21 13:33:18.447979
111018,CHEMBL680020,CHEMBL203,CHEMBL113521,IC50,,nM,,,2026-03-21 13:33:18.447979
111131,CHEMBL679947,CHEMBL203,CHEMBL52591,IC50,4.3,nM,=,8.37,2026-03-21 13:33:18.447979
111701,CHEMBL677391,CHEMBL203,CHEMBL64459,IC50,100000.0,nM,>,,2026-03-21 13:33:18.447979
111719,CHEMBL676146,CHEMBL203,CHEMBL129989,IC50,100000.0,nM,>,,2026-03-21 13:33:18.447979
111721,CHEMBL676146,CHEMBL203,CHEMBL132907,IC50,20000.0,nM,=,4.70,2026-03-21 13:33:18.447979
111730,CHEMBL679549,CHEMBL203,CHEMBL268368,IC50,100000.0,nM,>,,2026-03-21 13:33:18.447979
111935,CHEMBL673925,CHEMBL203,CHEMBL422292,IC50,1.5,nM,=,8.82,2026-03-21 13:33:18.447979
111936,CHEMBL677216,CHEMBL203,CHEMBL422292,IC50,51.0,nM,=,7.29,2026-03-21 13:33:18.447979
111937,CHEMBL623728,CHEMBL203,CHEMBL422292,Inhibition,80.0,%,=,,2026-03-21 13:33:18.447979
112444,CHEMBL680020,CHEMBL203,CHEMBL51573,IC50,,nM,,,2026-03-21 13:33:18.447979
112448,CHEMBL680019,CHEMBL203,CHEMBL110034,IC50,5000.0,nM,>,,2026-03-21 13:33:18.447979
112452,CHEMBL680019,CHEMBL203,CHEMBL113023,IC50,250.0,nM,=,6.60,2026-03-21 13:33:18.447979
112518,CHEMBL679947,CHEMBL203,CHEMBL417420,IC50,2.9,nM,=,8.54,2026-03-21 13:33:18.447979
113112,CHEMBL677391,CHEMBL203,CHEMBL304414,IC50,10000.0,nM,=,5.00,2026-03-21 13:33:18.447979
113789,CHEMBL680019,CHEMBL203,CHEMBL106232,IC50,4500.0,nM,=,5.35,2026-03-21 13:33:18.447979
113793,CHEMBL680019,CHEMBL203,CHEMBL327127,IC50,90.0,nM,=,7.05,2026-03-21 13:33:18.447979
113901,CHEMBL679947,CHEMBL203,CHEMBL294475,IC50,0.81,nM,=,9.09,2026-03-21 13:33:18.447979
113902,CHEMBL680026,CHEMBL203,CHEMBL294475,IC50,3.1,nM,=,8.51,2026-03-21 13:33:18.447979
114492,CHEMBL679549,CHEMBL203,CHEMBL266487,IC50,50000.0,nM,>,,2026-03-21 13:33:18.447979
114538,CHEMBL677390,CHEMBL203,CHEMBL293261,IC50,850.0,nM,=,6.07,2026-03-21 13:33:18.447979
115001,CHEMBL680020,CHEMBL203,CHEMBL323405,IC50,,nM,,,2026-03-21 13:33:18.447979
115005,CHEMBL680020,CHEMBL203,CHEMBL331366,IC50,,nM,,,2026-03-21 13:33:18.447979
115064,CHEMBL679947,CHEMBL203,CHEMBL53310,IC50,13.0,nM,=,7.89,2026-03-21 13:33:18.447979
115581,CHEMBL679549,CHEMBL203,CHEMBL267019,IC50,2500.0,nM,=,5.60,2026-03-21 13:33:18.447979
115911,CHEMBL673925,CHEMBL203,CHEMBL285063,IC50,0.7,nM,=,9.15,2026-03-21 13:33:18.447979
115912,CHEMBL677216,CHEMBL203,CHEMBL285063,IC50,2.7,nM,=,8.57,2026-03-21 13:33:18.447979
115913,CHEMBL623728,CHEMBL203,CHEMBL285063,Inhibition,80.0,%,>,,2026-03-21 13:33:18.447979
115914,CHEMBL673925,CHEMBL203,CHEMBL136404,IC50,0.5,nM,=,9.30,2026-03-21 13:33:18.447979
115915,CHEMBL677216,CHEMBL203,CHEMBL136404,IC50,7.7,nM,=,8.11,2026-03-21 13:33:18.447979
115916,CHEMBL623728,CHEMBL203,CHEMBL136404,Inhibition,80.0,%,=,,2026-03-21 13:33:18.447979
116316,CHEMBL680019,CHEMBL203,CHEMBL113356,IC50,50000.0,nM,>,,2026-03-21 13:33:18.447979
116920,CHEMBL677391,CHEMBL203,CHEMBL291979,IC50,54100.0,nM,=,4.27,2026-03-21 13:33:18.447979
116922,CHEMBL677391,CHEMBL203,CHEMBL62843,IC50,100000.0,nM,=,4.00,2026-03-21 13:33:18.447979
116924,CHEMBL677391,CHEMBL203,CHEMBL63009,IC50,100000.0,nM,>,,2026-03-21 13:33:18.447979
117058,CHEMBL679549,CHEMBL203,CHEMBL267941,IC50,50000.0,nM,>,,2026-03-21 13:33:18.447979
117213,CHEMBL673925,CHEMBL203,CHEMBL334697,IC50,0.17,nM,=,9.77,2026-03-21 13:33:18.447979
117214,CHEMBL677217,CHEMBL203,CHEMBL334697,IC50,13.0,nM,=,7.89,2026-03-21 13:33:18.447979
117215,CHEMBL623727,CHEMBL203,CHEMBL334697,Inhibition,80.0,%,>,,2026-03-21 13:33:18.447979
117228,CHEMBL673925,CHEMBL203,CHEMBL434827,IC50,0.73,nM,=,9.14,2026-03-21 13:33:18.447979
117229,CHEMBL677216,CHEMBL203,CHEMBL434827,IC50,21.0,nM,=,7.68,2026-03-21 13:33:18.447979
117230,CHEMBL623728,CHEMBL203,CHEMBL434827,Inhibition,80.0,%,>,,2026-03-21 13:33:18.447979
117231,CHEMBL679948,CHEMBL203,CHEMBL434827,IC50,21.0,nM,=,7.68,2026-03-21 13:33:18.447979
118165,CHEMBL677391,CHEMBL203,CHEMBL292287,IC50,100000.0,nM,>,,2026-03-21 13:33:18.447979
118168,CHEMBL677391,CHEMBL203,CHEMBL64430,IC50,5000.0,nM,=,5.30,2026-03-21 13:33:18.447979
118170,CHEMBL677391,CHEMBL203,CHEMBL64068,IC50,100000.0,nM,>,,2026-03-21 13:33:18.447979
118172,CHEMBL677391,CHEMBL203,CHEMBL62067,IC50,100000.0,nM,>,,2026-03-21 13:33:18.447979
118174,CHEMBL677391,CHEMBL203,CHEMBL64814,IC50,100000.0,nM,>,,2026-03-21 13:33:18.447979
118461,CHEMBL673925,CHEMBL203,CHEMBL137082,IC50,2.7,nM,=,8.57,2026-03-21 13:33:18.447979
118462,CHEMBL677216,CHEMBL203,CHEMBL137082,IC50,156.0,nM,=,6.81,2026-03-21 13:33:18.447979
118463,CHEMBL623728,CHEMBL203,CHEMBL137082,Inhibition,80.0,%,<,,2026-03-21 13:33:18.447979
118831,CHEMBL680019,CHEMBL203,CHEMBL299347,IC50,50000.0,nM,>,,2026-03-21 13:33:18.447979
118835,CHEMBL680019,CHEMBL203,CHEMBL324926,IC50,330.0,nM,=,6.48,2026-03-21 13:33:18.447979
118874,CHEMBL679947,CHEMBL203,CHEMBL53311,IC50,82.0,nM,=,7.09,2026-03-21 13:33:18.447979
119381,CHEMBL677391,CHEMBL203,CHEMBL62176,IC50,1000.0,nM,=,6.00,2026-03-21 13:33:18.447979
119394,CHEMBL676146,CHEMBL203,CHEMBL130694,IC50,20000.0,nM,>,,2026-03-21 13:33:18.447979
119396,CHEMBL676146,CHEMBL203,CHEMBL423159,IC50,21000.0,nM,=,4.68,2026-03-21 13:33:18.447979
119922,CHEMBL680019,CHEMBL203,CHEMBL109759,IC50,5000.0,nM,>,,2026-03-21 13:33:18.447979
119990,CHEMBL679947,CHEMBL203,CHEMBL299622,IC50,0.76,nM,=,9.12,2026-03-21 13:33:18.447979
119991,CHEMBL680026,CHEMBL203,CHEMBL299622,IC50,30.0,nM,=,7.52,2026-03-21 13:33:18.447979
120871,CHEMBL673925,CHEMBL203,CHEMBL138363,IC50,1.6,nM,=,8.80,2026-03-21 13:33:18.447979
120872,CHEMBL677216,CHEMBL203,CHEMBL138363,IC50,44.0,nM,=,7.36,2026-03-21 13:33:18.447979
120873,CHEMBL623728,CHEMBL203,CHEMBL138363,Inhibition,20.0,%,<,,2026-03-21 13:33:18.447979
120874,CHEMBL673925,CHEMBL203,CHEMBL93464,IC50,0.55,nM,=,9.26,2026-03-21 13:33:18.447979
120875,CHEMBL677216,CHEMBL203,CHEMBL93464,IC50,8.7,nM,=,8.06,2026-03-21 13:33:18.447979
120876,CHEMBL623728,CHEMBL203,CHEMBL93464,Inhibition,80.0,%,=,,2026-03-21 13:33:18.447979
121283,CHEMBL680020,CHEMBL203,CHEMBL112080,IC50,,nM,,,2026-03-21 13:33:18.447979
121309,CHEMBL679947,CHEMBL203,CHEMBL53831,IC50,1.5,nM,=,8.82,2026-03-21 13:33:18.447979
121310,CHEMBL679947,CHEMBL203,CHEMBL299881,IC50,2.3,nM,=,8.64,2026-03-21 13:33:18.447979
121311,CHEMBL679947,CHEMBL203,CHEMBL50027,IC50,2550.0,nM,=,5.59,2026-03-21 13:33:18.447979
121735,CHEMBL683041,CHEMBL203,CHEMBL31965,IC50,74.0,nM,=,7.13,2026-03-21 13:33:18.447979
122056,CHEMBL673925,CHEMBL203,CHEMBL344486,IC50,2.7,nM,=,8.57,2026-03-21 13:33:18.447979
122057,CHEMBL677216,CHEMBL203,CHEMBL344486,IC50,64.0,nM,=,7.19,2026-03-21 13:33:18.447979
122058,CHEMBL623728,CHEMBL203,CHEMBL344486,Inhibition,80.0,%,=,,2026-03-21 13:33:18.447979
122059,CHEMBL673925,CHEMBL203,CHEMBL138940,IC50,0.61,nM,=,9.21,2026-03-21 13:33:18.447979
122060,CHEMBL677216,CHEMBL203,CHEMBL138940,IC50,14.0,nM,=,7.85,2026-03-21 13:33:18.447979
122061,CHEMBL623728,CHEMBL203,CHEMBL138940,Inhibition,80.0,%,>,,2026-03-21 13:33:18.447979
122062,CHEMBL677213,CHEMBL203,CHEMBL138940,IC50,14.0,nM,=,7.85,2026-03-21 13:33:18.447979
122505,CHEMBL680020,CHEMBL203,CHEMBL112706,IC50,,nM,,,2026-03-21 13:33:18.447979
122509,CHEMBL680019,CHEMBL203,CHEMBL321193,IC50,150.0,nM,=,6.82,2026-03-21 13:33:18.447979
122513,CHEMBL680019,CHEMBL203,CHEMBL419022,IC50,700.0,nM,=,6.16,2026-03-21 13:33:18.447979
122535,CHEMBL679947,CHEMBL203,CHEMBL53426,IC50,0.25,nM,=,9.60,2026-03-21 13:33:18.447979
122536,CHEMBL680026,CHEMBL203,CHEMBL53426,IC50,5.1,nM,=,8.29,2026-03-21 13:33:18.447979
122537,CHEMBL680030,CHEMBL203,CHEMBL53711,IC50,2.6,nM,=,8.59,2026-03-21 13:33:18.447979
122538,CHEMBL680031,CHEMBL203,CHEMBL53711,IC50,12.0,nM,=,7.92,2026-03-21 13:33:18.447979
123349,CHEMBL673925,CHEMBL203,CHEMBL344177,IC50,0.69,nM,=,9.16,2026-03-21 13:33:18.447979
123350,CHEMBL677216,CHEMBL203,CHEMBL344177,IC50,20.0,nM,=,7.70,2026-03-21 13:33:18.447979
123351,CHEMBL623728,CHEMBL203,CHEMBL344177,Inhibition,80.0,%,>,,2026-03-21 13:33:18.447979
123352,CHEMBL673925,CHEMBL203,CHEMBL136178,IC50,1.2,nM,=,8.92,2026-03-21 13:33:18.447979
123353,CHEMBL677216,CHEMBL203,CHEMBL136178,IC50,1039.0,nM,=,5.98,2026-03-21 13:33:18.447979
123354,CHEMBL623728,CHEMBL203,CHEMBL136178,Inhibition,80.0,%,=,,2026-03-21 13:33:18.447979
123355,CHEMBL673925,CHEMBL203,CHEMBL136511,IC50,1.4,nM,=,8.85,2026-03-21 13:33:18.447979
123356,CHEMBL677216,CHEMBL203,CHEMBL136511,IC50,2.7,nM,=,8.57,2026-03-21 13:33:18.447979
123357,CHEMBL623728,CHEMBL203,CHEMBL136511,Inhibition,80.0,%,>,,2026-03-21 13:33:18.447979
123751,CHEMBL680020,CHEMBL203,CHEMBL320339,IC50,,nM,,,2026-03-21 13:33:18.447979
123785,CHEMBL679947,CHEMBL203,CHEMBL416307,IC50,3.0,nM,=,8.52,2026-03-21 13:33:18.447979
124275,CHEMBL677391,CHEMBL203,CHEMBL64165,IC50,100000.0,nM,>,,2026-03-21 13:33:18.447979
124308,CHEMBL676146,CHEMBL203,CHEMBL130116,IC50,20000.0,nM,>,,2026-03-21 13:33:18.447979
124325,CHEMBL679549,CHEMBL203,CHEMBL44,IC50,1000.0,nM,=,6.00,2026-03-21 13:33:18.447979
124595,CHEMBL673925,CHEMBL203,CHEMBL136102,IC50,1.45,nM,=,8.84,2026-03-21 13:33:18.447979
124596,CHEMBL677216,CHEMBL203,CHEMBL136102,IC50,193.0,nM,=,6.71,2026-03-21 13:33:18.447979
124597,CHEMBL623728,CHEMBL203,CHEMBL136102,Inhibition,80.0,%,=,,2026-03-21 13:33:18.447979
124598,CHEMBL673925,CHEMBL203,CHEMBL336264,IC50,0.43,nM,=,9.37,2026-03-21 13:33:18.447979
124599,CHEMBL677216,CHEMBL203,CHEMBL336264,IC50,500.0,nM,>,,2026-03-21 13:33:18.447979
124600,CHEMBL623728,CHEMBL203,CHEMBL336264,Inhibition,80.0,%,>,,2026-03-21 13:33:18.447979
125063,CHEMBL680019,CHEMBL203,CHEMBL104153,IC50,220.0,nM,=,6.66,2026-03-21 13:33:18.447979
125108,CHEMBL680030,CHEMBL203,CHEMBL53156,IC50,3.1,nM,=,8.51,2026-03-21 13:33:18.447979
125109,CHEMBL680031,CHEMBL203,CHEMBL53156,IC50,20.0,nM,=,7.70,2026-03-21 13:33:18.447979
125565,CHEMBL683041,CHEMBL203,CHEMBL95774,IC50,80.0,nM,=,7.10,2026-03-21 13:33:18.447979
125659,CHEMBL676146,CHEMBL203,CHEMBL130893,IC50,10000.0,nM,>,,2026-03-21 13:33:18.447979
125661,CHEMBL676148,CHEMBL203,CHEMBL340449,Inhibition,14.0,%,=,,2026-03-21 13:33:18.447979
125663,CHEMBL676146,CHEMBL203,CHEMBL129907,IC50,20000.0,nM,>,,2026-03-21 13:33:18.447979
125665,CHEMBL676146,CHEMBL203,CHEMBL131653,IC50,9000.0,nM,=,5.05,2026-03-21 13:33:18.447979
125667,CHEMBL676149,CHEMBL203,CHEMBL334739,Inhibition,18.0,%,=,,2026-03-21 13:33:18.447979
125676,CHEMBL679549,CHEMBL203,CHEMBL268868,IC50,300.0,nM,=,6.52,2026-03-21 13:33:18.447979
125681,CHEMBL642000,CHEMBL203,CHEMBL268868,Ki,160.0,nM,=,6.80,2026-03-21 13:33:18.447979
125682,CHEMBL621149,CHEMBL203,CHEMBL268868,IC50,4500.0,nM,>,,2026-03-21 13:33:18.447979
125685,CHEMBL679549,CHEMBL203,CHEMBL7352,IC50,50000.0,nM,>,,2026-03-21 13:33:18.447979
125689,CHEMBL621149,CHEMBL203,CHEMBL7352,IC50,100000.0,nM,>,,2026-03-21 13:33:18.447979
125800,CHEMBL679549,CHEMBL203,CHEMBL7775,IC50,8700.0,nM,=,5.06,2026-03-21 13:33:18.447979
125805,CHEMBL621149,CHEMBL203,CHEMBL7775,IC50,100000.0,nM,>,,2026-03-21 13:33:18.447979
125815,CHEMBL679549,CHEMBL203,CHEMBL8222,IC50,100000.0,nM,>,,2026-03-21 13:33:18.447979
126489,CHEMBL680030,CHEMBL203,CHEMBL53711,IC50,0.006,nM,=,,2026-03-21 13:33:18.447979
126490,CHEMBL680031,CHEMBL203,CHEMBL53711,IC50,21.0,nM,=,7.68,2026-03-21 13:33:18.447979
127172,CHEMBL677391,CHEMBL203,CHEMBL60200,IC50,100000.0,nM,>,,2026-03-21 13:33:18.447979
127175,CHEMBL677391,CHEMBL203,CHEMBL61119,IC50,5300.0,nM,=,5.28,2026-03-21 13:33:18.447979
127318,CHEMBL677391,CHEMBL203,CHEMBL64231,IC50,100000.0,nM,>,,2026-03-21 13:33:18.447979
127421,CHEMBL673925,CHEMBL203,CHEMBL335440,IC50,93.5,nM,=,7.03,2026-03-21 13:33:18.447979
127422,CHEMBL623728,CHEMBL203,CHEMBL335440,Inhibition,80.0,%,<,,2026-03-21 13:33:18.447979
127736,CHEMBL680019,CHEMBL203,CHEMBL50647,IC50,220.0,nM,=,6.66,2026-03-21 13:33:18.447979
127740,CHEMBL680019,CHEMBL203,CHEMBL320705,IC50,66.0,nM,=,7.18,2026-03-21 13:33:18.447979
127787,CHEMBL679947,CHEMBL203,CHEMBL51228,IC50,2.3,nM,=,8.64,2026-03-21 13:33:18.447979
128253,CHEMBL676147,CHEMBL203,CHEMBL130117,IC50,10000.0,nM,>,,2026-03-21 13:33:18.447979
128255,CHEMBL676146,CHEMBL203,CHEMBL129930,IC50,9500.0,nM,=,5.02,2026-03-21 13:33:18.447979
128843,CHEMBL680019,CHEMBL203,CHEMBL48172,IC50,5000.0,nM,>,,2026-03-21 13:33:18.447979
128847,CHEMBL680019,CHEMBL203,CHEMBL113863,IC50,1000.0,nM,=,6.00,2026-03-21 13:33:18.447979
129395,CHEMBL683041,CHEMBL203,CHEMBL553,IC50,1450.0,nM,=,5.84,2026-03-21 13:33:18.447979
129504,CHEMBL677391,CHEMBL203,CHEMBL62699,IC50,100000.0,nM,>,,2026-03-21 13:33:18.447979
129764,CHEMBL673925,CHEMBL203,CHEMBL92086,IC50,1.2,nM,=,8.92,2026-03-21 13:33:18.447979
129765,CHEMBL677216,CHEMBL203,CHEMBL92086,IC50,16.0,nM,=,7.80,2026-03-21 13:33:18.447979
129766,CHEMBL623728,CHEMBL203,CHEMBL92086,Inhibition,20.0,%,<,,2026-03-21 13:33:18.447979
130156,CHEMBL680019,CHEMBL203,CHEMBL109631,IC50,190.0,nM,=,6.72,2026-03-21 13:33:18.447979
130236,CHEMBL680030,CHEMBL203,CHEMBL52015,IC50,84.0,nM,=,7.08,2026-03-21 13:33:18.447979
130237,CHEMBL680030,CHEMBL203,CHEMBL53796,IC50,9.6,nM,=,8.02,2026-03-21 13:33:18.447979
130238,CHEMBL680031,CHEMBL203,CHEMBL53796,IC50,32.0,nM,=,7.50,2026-03-21 13:33:18.447979
130239,CHEMBL680030,CHEMBL203,CHEMBL51853,IC50,0.13,nM,=,9.89,2026-03-21 13:33:18.447979
130240,CHEMBL680031,CHEMBL203,CHEMBL51853,IC50,16.0,nM,=,7.80,2026-03-21 13:33:18.447979
130896,CHEMBL677391,CHEMBL203,CHEMBL294205,IC50,100000.0,nM,>,,2026-03-21 13:33:18.447979
130899,CHEMBL677391,CHEMBL203,CHEMBL293913,IC50,44000.0,nM,=,4.36,2026-03-21 13:33:18.447979
130926,CHEMBL676146,CHEMBL203,CHEMBL133283,IC50,10000.0,nM,=,5.00,2026-03-21 13:33:18.447979
130930,CHEMBL679549,CHEMBL203,CHEMBL7914,IC50,2500.0,nM,=,5.60,2026-03-21 13:33:18.447979
130935,CHEMBL621149,CHEMBL203,CHEMBL7914,IC50,4500.0,nM,=,5.35,2026-03-21 13:33:18.447979
130938,CHEMBL679549,CHEMBL203,CHEMBL7929,IC50,50000.0,nM,>,,2026-03-21 13:33:18.447979
130941,CHEMBL621149,CHEMBL203,CHEMBL7929,IC50,100000.0,nM,>,,2026-03-21 13:33:18.447979
131068,CHEMBL673925,CHEMBL203,CHEMBL334801,IC50,1.1,nM,=,8.96,2026-03-21 13:33:18.447979
131069,CHEMBL677216,CHEMBL203,CHEMBL334801,IC50,57.0,nM,=,7.24,2026-03-21 13:33:18.447979
131070,CHEMBL623728,CHEMBL203,CHEMBL334801,Inhibition,80.0,%,>,,2026-03-21 13:33:18.447979
131071,CHEMBL679948,CHEMBL203,CHEMBL334801,IC50,57.0,nM,=,7.24,2026-03-21 13:33:18.447979
131441,CHEMBL680019,CHEMBL203,CHEMBL111618,IC50,5000.0,nM,>,,2026-03-21 13:33:18.447979
131445,CHEMBL680019,CHEMBL203,CHEMBL325589,IC50,510.0,nM,=,6.29,2026-03-21 13:33:18.447979
132037,CHEMBL683041,CHEMBL203,CHEMBL99024,IC50,1040.0,nM,=,5.98,2026-03-21 13:33:18.447979
132094,CHEMBL677391,CHEMBL203,CHEMBL59812,IC50,20000.0,nM,=,4.70,2026-03-21 13:33:18.447979
132134,CHEMBL676149,CHEMBL203,CHEMBL130523,Inhibition,65.0,%,=,,2026-03-21 13:33:18.447979
132136,CHEMBL676146,CHEMBL203,CHEMBL130337,IC50,10000.0,nM,>,,2026-03-21 13:33:18.447979
132358,CHEMBL673925,CHEMBL203,CHEMBL434828,IC50,9.1,nM,=,8.04,2026-03-21 13:33:18.447979
132359,CHEMBL677216,CHEMBL203,CHEMBL434828,IC50,77.0,nM,=,7.11,2026-03-21 13:33:18.447979
132360,CHEMBL623728,CHEMBL203,CHEMBL434828,Inhibition,80.0,%,=,,2026-03-21 13:33:18.447979
132779,CHEMBL680019,CHEMBL203,CHEMBL49596,IC50,5600.0,nM,=,5.25,2026-03-21 13:33:18.447979
132844,CHEMBL680030,CHEMBL203,CHEMBL50519,IC50,4.3,nM,=,8.37,2026-03-21 13:33:18.447979
133312,CHEMBL677391,CHEMBL203,CHEMBL63455,IC50,100000.0,nM,>,,2026-03-21 13:33:18.447979
133314,CHEMBL677391,CHEMBL203,CHEMBL293250,IC50,40500.0,nM,=,4.39,2026-03-21 13:33:18.447979
133316,CHEMBL677391,CHEMBL203,CHEMBL62701,IC50,22300.0,nM,=,4.65,2026-03-21 13:33:18.447979
133541,CHEMBL673925,CHEMBL203,CHEMBL51659,IC50,0.91,nM,=,9.04,2026-03-21 13:33:18.447979
133542,CHEMBL677216,CHEMBL203,CHEMBL51659,IC50,3.4,nM,=,8.47,2026-03-21 13:33:18.447979
133543,CHEMBL623727,CHEMBL203,CHEMBL51659,Inhibition,80.0,%,>,,2026-03-21 13:33:18.447979
133544,CHEMBL673925,CHEMBL203,CHEMBL135142,IC50,1.75,nM,=,8.76,2026-03-21 13:33:18.447979
133545,CHEMBL677216,CHEMBL203,CHEMBL135142,IC50,35.0,nM,=,7.46,2026-03-21 13:33:18.447979
133546,CHEMBL623728,CHEMBL203,CHEMBL135142,Inhibition,80.0,%,>,,2026-03-21 13:33:18.447979
133547,CHEMBL673925,CHEMBL203,CHEMBL343722,IC50,1.6,nM,=,8.80,2026-03-21 13:33:18.447979
133548,CHEMBL677216,CHEMBL203,CHEMBL343722,IC50,120.0,nM,=,6.92,2026-03-21 13:33:18.447979
133549,CHEMBL623728,CHEMBL203,CHEMBL343722,Inhibition,80.0,%,=,,2026-03-21 13:33:18.447979
133984,CHEMBL680019,CHEMBL203,CHEMBL448154,IC50,490.0,nM,=,6.31,2026-03-21 13:33:18.447979
134564,CHEMBL677391,CHEMBL203,CHEMBL303127,IC50,100000.0,nM,>,,2026-03-21 13:33:18.447979
135131,CHEMBL680019,CHEMBL203,CHEMBL50470,IC50,1400.0,nM,=,5.85,2026-03-21 13:33:18.447979
135135,CHEMBL680019,CHEMBL203,CHEMBL104244,IC50,210.0,nM,=,6.68,2026-03-21 13:33:18.447979
135211,CHEMBL679947,CHEMBL203,CHEMBL53777,IC50,0.95,nM,=,9.02,2026-03-21 13:33:18.447979
135212,CHEMBL680026,CHEMBL203,CHEMBL53777,IC50,22.0,nM,=,7.66,2026-03-21 13:33:18.447979
135765,CHEMBL677391,CHEMBL203,CHEMBL293889,IC50,4300.0,nM,=,5.37,2026-03-21 13:33:18.447979
135767,CHEMBL677391,CHEMBL203,CHEMBL61278,IC50,100000.0,nM,>,,2026-03-21 13:33:18.447979
135801,CHEMBL679549,CHEMBL203,CHEMBL267869,IC50,100000.0,nM,>,,2026-03-21 13:33:18.447979
136079,CHEMBL673925,CHEMBL203,CHEMBL140561,IC50,2.4,nM,=,8.62,2026-03-21 13:33:18.447979
136080,CHEMBL677216,CHEMBL203,CHEMBL140561,IC50,108.0,nM,=,6.97,2026-03-21 13:33:18.447979
136081,CHEMBL623728,CHEMBL203,CHEMBL140561,Inhibition,80.0,%,>,,2026-03-21 13:33:18.447979
136082,CHEMBL679948,CHEMBL203,CHEMBL140561,IC50,108.0,nM,=,6.97,2026-03-21 13:33:18.447979
136084,CHEMBL673925,CHEMBL203,CHEMBL345077,IC50,4.6,nM,=,8.34,2026-03-21 13:33:18.447979
136085,CHEMBL677216,CHEMBL203,CHEMBL345077,IC50,340.0,nM,=,6.47,2026-03-21 13:33:18.447979
136086,CHEMBL623728,CHEMBL203,CHEMBL345077,Inhibition,80.0,%,<,,2026-03-21 13:33:18.447979
136425,CHEMBL680019,CHEMBL203,CHEMBL107472,IC50,7500.0,nM,=,5.12,2026-03-21 13:33:18.447979
136429,CHEMBL680019,CHEMBL203,CHEMBL326041,IC50,5000.0,nM,>,,2026-03-21 13:33:18.447979
136433,CHEMBL680019,CHEMBL203,CHEMBL111247,IC50,5000.0,nM,>,,2026-03-21 13:33:18.447979
137102,CHEMBL673925,CHEMBL203,CHEMBL139044,IC50,1.1,nM,=,8.96,2026-03-21 13:33:18.447979
137103,CHEMBL677216,CHEMBL203,CHEMBL139044,IC50,27.0,nM,=,7.57,2026-03-21 13:33:18.447979
137104,CHEMBL623728,CHEMBL203,CHEMBL139044,Inhibition,80.0,%,=,,2026-03-21 13:33:18.447979
137105,CHEMBL673925,CHEMBL203,CHEMBL139095,IC50,0.76,nM,=,9.12,2026-03-21 13:33:18.447979
137106,CHEMBL677216,CHEMBL203,CHEMBL139095,IC50,2.4,nM,=,8.62,2026-03-21 13:33:18.447979
137107,CHEMBL623728,CHEMBL203,CHEMBL139095,Inhibition,80.0,%,>,,2026-03-21 13:33:18.447979
137440,CHEMBL680020,CHEMBL203,CHEMBL324543,IC50,,nM,,,2026-03-21 13:33:18.447979
137444,CHEMBL680019,CHEMBL203,CHEMBL113070,IC50,80.0,nM,=,7.10,2026-03-21 13:33:18.447979
137448,CHEMBL680020,CHEMBL203,CHEMBL109725,IC50,,nM,,,2026-03-21 13:33:18.447979
137455,CHEMBL680019,CHEMBL203,CHEMBL104779,IC50,910.0,nM,=,6.04,2026-03-21 13:33:18.447979
138225,CHEMBL677391,CHEMBL203,CHEMBL64781,IC50,100000.0,nM,>,,2026-03-21 13:33:18.447979
138231,CHEMBL676149,CHEMBL203,CHEMBL131092,Inhibition,37.0,%,=,,2026-03-21 13:33:18.447979
138233,CHEMBL676146,CHEMBL203,CHEMBL319620,IC50,92000.0,nM,=,4.04,2026-03-21 13:33:18.447979
138375,CHEMBL679549,CHEMBL203,CHEMBL266255,IC50,100000.0,nM,>,,2026-03-21 13:33:18.447979
138492,CHEMBL673925,CHEMBL203,CHEMBL134371,IC50,0.37,nM,=,9.43,2026-03-21 13:33:18.447979
138493,CHEMBL677216,CHEMBL203,CHEMBL134371,IC50,500.0,nM,>,,2026-03-21 13:33:18.447979
138494,CHEMBL623728,CHEMBL203,CHEMBL134371,Inhibition,80.0,%,>,,2026-03-21 13:33:18.447979
138953,CHEMBL680019,CHEMBL203,CHEMBL301612,IC50,260.0,nM,=,6.58,2026-03-21 13:33:18.447979
139013,CHEMBL680030,CHEMBL203,CHEMBL52765,IC50,0.78,nM,=,9.11,2026-03-21 13:33:18.447979
139014,CHEMBL680030,CHEMBL203,CHEMBL50344,IC50,11.0,nM,=,7.96,2026-03-21 13:33:18.447979
139390,CHEMBL677391,CHEMBL203,CHEMBL293251,IC50,11400.0,nM,=,4.94,2026-03-21 13:33:18.447979
139392,CHEMBL677391,CHEMBL203,CHEMBL294341,IC50,100000.0,nM,>,,2026-03-21 13:33:18.447979
139395,CHEMBL677391,CHEMBL203,CHEMBL60472,IC50,3600.0,nM,=,5.44,2026-03-21 13:33:18.447979
139439,CHEMBL676146,CHEMBL203,CHEMBL131407,IC50,20000.0,nM,>,,2026-03-21 13:33:18.447979
139593,CHEMBL673925,CHEMBL203,CHEMBL342828,IC50,0.56,nM,=,9.25,2026-03-21 13:33:18.447979
139594,CHEMBL677216,CHEMBL203,CHEMBL342828,IC50,14.0,nM,=,7.85,2026-03-21 13:33:18.447979
139595,CHEMBL623728,CHEMBL203,CHEMBL342828,Inhibition,80.0,%,>,,2026-03-21 13:33:18.447979
139596,CHEMBL677213,CHEMBL203,CHEMBL342828,IC50,14.0,nM,=,7.85,2026-03-21 13:33:18.447979
139961,CHEMBL680019,CHEMBL203,CHEMBL299194,IC50,8700.0,nM,=,5.06,2026-03-21 13:33:18.447979
139965,CHEMBL680019,CHEMBL203,CHEMBL323699,IC50,5000.0,nM,>,,2026-03-21 13:33:18.447979
140014,CHEMBL679947,CHEMBL203,CHEMBL54067,IC50,35.0,nM,=,7.46,2026-03-21 13:33:18.447979
140478,CHEMBL677391,CHEMBL203,CHEMBL291359,IC50,9900.0,nM,=,5.00,2026-03-21 13:33:18.447979
140517,CHEMBL676146,CHEMBL203,CHEMBL335074,IC50,10000.0,nM,>,,2026-03-21 13:33:18.447979
141071,CHEMBL680019,CHEMBL203,CHEMBL109296,IC50,4500.0,nM,=,5.35,2026-03-21 13:33:18.447979
141079,CHEMBL680019,CHEMBL203,CHEMBL111339,IC50,480.0,nM,=,6.32,2026-03-21 13:33:18.447979
141112,CHEMBL680030,CHEMBL203,CHEMBL52197,IC50,30.0,nM,=,7.52,2026-03-21 13:33:18.447979
142383,CHEMBL680019,CHEMBL203,CHEMBL109525,IC50,50000.0,nM,>,,2026-03-21 13:33:18.447979
142981,CHEMBL676149,CHEMBL203,CHEMBL133563,Inhibition,20.0,%,=,,2026-03-21 13:33:18.447979
142994,CHEMBL679549,CHEMBL203,CHEMBL7939,IC50,700.0,nM,=,6.16,2026-03-21 13:33:18.447979
142999,CHEMBL621149,CHEMBL203,CHEMBL7939,IC50,2200.0,nM,=,5.66,2026-03-21 13:33:18.447979
143002,CHEMBL679549,CHEMBL203,CHEMBL8163,IC50,50000.0,nM,>,,2026-03-21 13:33:18.447979
143005,CHEMBL679549,CHEMBL203,CHEMBL8095,IC50,2000.0,nM,=,5.70,2026-03-21 13:33:18.447979
143010,CHEMBL621149,CHEMBL203,CHEMBL8095,IC50,18000.0,nM,=,4.75,2026-03-21 13:33:18.447979
